person_id,bloc,birth,death,sex,deg,n_dyn_4hop,n_nodes_4hop,mother_pre_deg,mother_n_dyn_4hop,mother_n_nodes_4hop,father_pre_deg,father_n_dyn_4hop,father_n_nodes_4hop,mgf_pre_deg,mgf_n_dyn_4hop,mgf_n_nodes_4hop
p65424.htm#i654236,B3,1256,1316,M,4,4,37,2.0,8.0,56.0,3.0,4.0,26.0,8.0,13.0,129.0
p10773.htm#i107722,B26,1154,1213,M,1,3,25,,,,2.0,5.0,39.0,,,
p24820.htm#i248193,B34,1099,1157,M,2,1,12,,,,1.0,1.0,1.0,,,
p72885.htm#i728849,B4,1241,1268,M,1,6,48,,,,3.0,8.0,70.0,,,
p10460.htm#i104597,B4,1108,1190,M,7,7,233,3.0,6.0,65.0,3.0,8.0,129.0,4.0,3.0,35.0
p353.htm#i3528,B4,1287,1331,M,4,7,126,4.0,8.0,119.0,5.0,9.0,178.0,3.0,5.0,55.0
p10493.htm#i104928,B34,1197,1246,M,2,20,278,3.0,7.0,41.0,8.0,28.0,312.0,,,
p65967.htm#i659669,B3,1294,1381,M,2,5,36,2.0,7.0,72.0,3.0,2.0,29.0,6.0,13.0,169.0
p30136.htm#i301359,B38,1236,1294,M,1,1,15,,,,1.0,1.0,13.0,,,
p4188.htm#i41873,B25,1294,1355,M,8,14,190,6.0,10.0,118.0,6.0,6.0,90.0,10.0,13.0,165.0
p18646.htm#i186457,B26,1213,1289,M,5,3,81,3.0,3.0,65.0,3.0,7.0,74.0,8.0,4.0,66.0
p10686.htm#i106853,B0,1189,1247,M,9,7,252,3.0,9.0,125.0,3.0,6.0,93.0,5.0,13.0,222.0
p411.htm#i4103,B34,1208,1266,M,2,13,151,5.0,10.0,119.0,4.0,21.0,251.0,3.0,8.0,83.0
p19080.htm#i190792,B34,1192,1252,M,2,7,80,8.0,13.0,143.0,3.0,6.0,60.0,8.0,18.0,239.0
p4199.htm#i41982,B4,1247,1248,M,2,5,83,7.0,8.0,141.0,7.0,6.0,177.0,7.0,10.0,165.0
p536.htm#i5357,B34,1202,1253,M,5,5,115,2.0,3.0,13.0,3.0,3.0,40.0,1.0,2.0,6.0
p797.htm#i7962,B1,1074,1126,M,10,10,161,9.0,10.0,196.0,6.0,7.0,125.0,8.0,11.0,257.0
p4208.htm#i42073,B4,1210,1250,M,4,6,91,4.0,4.0,54.0,5.0,8.0,137.0,1.0,2.0,15.0
p10466.htm#i104652,B27,1100,1160,M,2,10,76,4.0,10.0,91.0,1.0,7.0,37.0,5.0,11.0,100.0
p10310.htm#i103091,B4,1165,1223,M,8,8,380,3.0,8.0,212.0,9.0,17.0,293.0,13.0,11.0,255.0
p11379.htm#i113784,B4,1297,1316,M,3,5,130,11.0,7.0,220.0,11.0,6.0,210.0,14.0,7.0,380.0
p462.htm#i4611,B25,1200,1258,M,7,6,163,3.0,9.0,76.0,7.0,10.0,92.0,5.0,10.0,140.0
p67284.htm#i672835,B16,1278,1329,M,2,2,24,2.0,3.0,43.0,1.0,2.0,18.0,4.0,3.0,69.0
p1203.htm#i12030,B36,1282,1329,M,3,10,98,3.0,11.0,106.0,3.0,8.0,79.0,10.0,16.0,171.0
p16084.htm#i160833,B25,1174,1232,M,1,4,21,,,,1.0,5.0,47.0,,,
p22075.htm#i220749,B1,1051,1113,M,3,4,72,,,,3.0,5.0,68.0,,,
p10205.htm#i102046,B1,1086,1125,M,2,14,168,,,,3.0,5.0,81.0,,,
p24819.htm#i248187,B34,1072,1101,M,4,6,51,3.0,7.0,76.0,3.0,6.0,36.0,6.0,11.0,93.0
p10274.htm#i102735,B27,1229,1289,M,3,5,30,,,,2.0,8.0,32.0,,,
p10679.htm#i106782,B4,1105,1157,M,9,8,181,5.0,5.0,111.0,3.0,6.0,90.0,8.0,6.0,132.0
p10791.htm#i107905,B34,1203,1274,M,3,11,93,4.0,9.0,71.0,5.0,15.0,144.0,5.0,11.0,76.0
p58968.htm#i589677,B0,1200,1266,M,7,1,119,3.0,1.0,12.0,3.0,1.0,24.0,2.0,1.0,7.0
p824.htm#i8237,B34,1166,1192,M,4,7,162,6.0,7.0,203.0,6.0,7.0,184.0,11.0,8.0,210.0
p10775.htm#i107742,B26,1190,1244,M,1,11,138,,,,11.0,17.0,202.0,,,
p8701.htm#i87004,B11,1289,1322,M,2,3,89,7.0,4.0,127.0,6.0,4.0,103.0,11.0,4.0,127.0
p889.htm#i8887,B1,1050,1104,M,5,10,55,8.0,8.0,53.0,8.0,8.0,43.0,1.0,6.0,32.0
p58956.htm#i589557,B0,1170,1218,M,4,3,67,3.0,5.0,71.0,3.0,2.0,44.0,9.0,6.0,115.0
p11290.htm#i112893,B1,1238,1280,M,7,6,140,6.0,5.0,65.0,9.0,4.0,69.0,3.0,7.0,52.0
p25027.htm#i250266,B112,1293,1337,M,5,7,63,3.0,7.0,67.0,4.0,4.0,37.0,6.0,7.0,95.0
p1291.htm#i12909,B36,1266,1319,M,2,7,58,10.0,5.0,61.0,10.0,8.0,100.0,1.0,5.0,26.0
p41193.htm#i411922,B34,1186,1245,M,3,11,201,3.0,7.0,54.0,3.0,4.0,32.0,5.0,11.0,142.0
p10202.htm#i102018,B34,1157,1199,M,5,22,270,9.0,21.0,202.0,7.0,24.0,266.0,4.0,17.0,145.0
p4297.htm#i42970,B0,1210,1258,M,5,2,95,4.0,1.0,24.0,4.0,1.0,36.0,2.0,1.0,11.0
p11459.htm#i114590,B1,1125,1173,M,3,3,97,4.0,1.0,54.0,8.0,3.0,101.0,1.0,1.0,27.0
p41192.htm#i411919,B34,1191,1234,M,3,10,128,7.0,7.0,59.0,7.0,4.0,39.0,5.0,11.0,146.0
p4898.htm#i48975,B27,1096,1160,M,3,8,78,4.0,4.0,42.0,5.0,3.0,29.0,4.0,5.0,86.0
p40547.htm#i405469,B3,1255,1311,M,2,9,102,6.0,8.0,129.0,6.0,10.0,120.0,8.0,11.0,172.0
p56833.htm#i568325,B112,1282,1310,M,5,8,53,6.0,7.0,66.0,6.0,8.0,90.0,2.0,6.0,40.0
p68959.htm#i689587,B36,1269,1324,M,2,1,12,,,,1.0,3.0,26.0,,,
p10256.htm#i102554,B3,1188,1228,M,5,15,131,4.0,5.0,34.0,5.0,5.0,42.0,1.0,3.0,14.0
p26759.htm#i267581,B25,1191,1251,M,1,2,29,,,,2.0,4.0,23.0,,,
p51609.htm#i516083,B12,1240,1296,M,4,5,50,3.0,3.0,46.0,1.0,3.0,23.0,5.0,4.0,95.0
p923.htm#i9228,B34,1200,1216,M,3,9,50,3.0,9.0,105.0,3.0,3.0,38.0,10.0,11.0,166.0
p61959.htm#i619587,B38,1274,1334,M,1,4,30,,,,1.0,1.0,8.0,,,
p58176.htm#i581752,B27,1134,1192,M,2,6,59,4.0,6.0,90.0,4.0,7.0,81.0,5.0,7.0,111.0
p41220.htm#i412196,B34,1295,1352,M,4,3,12,1.0,1.0,6.0,3.0,1.0,8.0,,,
p4088.htm#i40876,B1,1169,1252,M,14,6,180,2.0,4.0,85.0,4.0,6.0,99.0,6.0,2.0,110.0
p41221.htm#i412202,B34,1160,1220,M,3,4,39,,,,2.0,9.0,79.0,,,
p67306.htm#i673053,B16,1250,1310,M,7,2,33,,,,1.0,3.0,18.0,,,
p11528.htm#i115272,B4,1114,1156,M,1,3,46,,,,3.0,4.0,57.0,,,
p11480.htm#i114800,B1,1295,1303,M,2,1,27,5.0,1.0,25.0,3.0,1.0,41.0,2.0,1.0,15.0
p781.htm#i7807,B1,1270,1292,M,3,4,189,9.0,4.0,203.0,9.0,7.0,255.0,5.0,5.0,154.0
p54620.htm#i546198,B15,1070,1124,M,2,1,8,,,,1.0,1.0,11.0,,,
p60994.htm#i609939,B3,1272,1332,M,2,3,29,3.0,2.0,22.0,4.0,3.0,42.0,1.0,1.0,7.0
p15227.htm#i152268,B1,1234,1290,M,1,1,4,,,,1.0,1.0,4.0,,,
p41020.htm#i410191,B34,1291,1292,M,1,6,26,,,,2.0,10.0,62.0,,,
p65679.htm#i656782,B3,1290,1343,M,4,6,55,3.0,10.0,94.0,4.0,6.0,43.0,10.0,13.0,157.0
p11364.htm#i113633,B0,1296,1346,M,9,14,253,3.0,7.0,145.0,3.0,5.0,82.0,7.0,9.0,271.0
p10311.htm#i103108,B34,1095,1154,M,11,8,189,3.0,5.0,83.0,12.0,10.0,172.0,,,
p11361.htm#i113605,B4,1219,1226,M,2,5,120,7.0,12.0,217.0,7.0,5.0,201.0,15.0,14.0,245.0
p32195.htm#i321946,B26,1232,1290,M,4,1,19,2.0,1.0,9.0,3.0,1.0,12.0,2.0,1.0,6.0
p15827.htm#i158265,B0,1156,1198,M,5,8,99,3.0,8.0,116.0,3.0,9.0,146.0,10.0,8.0,120.0
p11404.htm#i114033,B1,1228,1254,M,8,6,175,3.0,8.0,164.0,6.0,15.0,258.0,10.0,9.0,178.0
p4035.htm#i40341,B1,1242,1281,M,4,6,170,4.0,7.0,163.0,6.0,6.0,156.0,12.0,9.0,288.0
p4305.htm#i43050,B0,1250,1297,M,3,5,137,10.0,4.0,150.0,10.0,3.0,103.0,7.0,6.0,169.0
p2662.htm#i26619,B1,1242,1304,M,8,6,238,4.0,7.0,163.0,6.0,6.0,156.0,12.0,9.0,288.0
p61958.htm#i619580,B38,1163,1219,M,2,1,17,1.0,1.0,10.0,2.0,1.0,16.0,,,
p10790.htm#i107894,B26,1292,1347,M,2,9,75,2.0,9.0,109.0,1.0,6.0,44.0,15.0,14.0,244.0
p41193.htm#i411924,B25,1230,1278,M,2,8,97,6.0,13.0,125.0,7.0,10.0,126.0,6.0,14.0,111.0
p24820.htm#i248197,B34,1128,1173,M,2,2,19,2.0,2.0,18.0,5.0,4.0,31.0,1.0,1.0,10.0
p10548.htm#i105476,B1,1216,1250,M,9,8,218,4.0,6.0,144.0,8.0,9.0,221.0,9.0,7.0,171.0
p4170.htm#i41694,B4,1289,1312,M,2,5,111,5.0,8.0,124.0,6.0,9.0,182.0,3.0,5.0,56.0
p11864.htm#i118635,B33,1274,1322,M,2,5,35,3.0,10.0,67.0,3.0,5.0,26.0,1.0,4.0,22.0
p11386.htm#i113856,B1,1271,1309,M,6,4,119,10.0,4.0,153.0,10.0,6.0,154.0,9.0,4.0,213.0
p10790.htm#i107897,B26,1274,1333,M,10,18,182,2.0,1.0,23.0,4.0,2.0,50.0,,,
p11575.htm#i115744,B25,1265,1330,M,2,2,42,1.0,1.0,15.0,3.0,1.0,28.0,,,
p55559.htm#i555587,B12,1285,1305,M,4,2,51,3.0,2.0,49.0,3.0,2.0,53.0,6.0,1.0,45.0
p68959.htm#i689585,B36,1209,1266,M,3,3,57,3.0,2.0,32.0,3.0,3.0,57.0,2.0,2.0,19.0
p10675.htm#i106749,B4,1065,1103,M,5,5,52,,,,1.0,2.0,17.0,,,
p10485.htm#i104841,B4,1081,1100,M,2,8,102,3.0,8.0,131.0,3.0,8.0,94.0,13.0,11.0,193.0
p40679.htm#i406786,B36,1287,1344,M,2,7,43,4.0,5.0,52.0,4.0,4.0,35.0,5.0,8.0,77.0
p460.htm#i4596,B26,1173,1233,M,11,4,78,5.0,3.0,32.0,1.0,1.0,17.0,2.0,2.0,23.0
p67276.htm#i672752,B16,1253,1295,M,8,3,64,,,,2.0,3.0,57.0,,,
p59996.htm#i599960,B6,1146,1202,M,4,2,33,,,,2.0,1.0,8.0,,,
p65.htm#i646,B34,1252,1273,M,3,7,87,5.0,7.0,123.0,4.0,6.0,56.0,8.0,11.0,170.0
p70430.htm#i704295,B34,1152,1161,M,2,4,45,1.0,4.0,39.0,3.0,7.0,98.0,,,
p22035.htm#i220344,B4,1098,1137,M,4,7,96,3.0,4.0,66.0,3.0,6.0,64.0,9.0,9.0,136.0
p65424.htm#i654235,B3,1286,1346,M,5,3,24,2.0,2.0,16.0,3.0,4.0,31.0,1.0,1.0,7.0
p10312.htm#i103113,B4,1125,1161,M,2,8,163,8.0,7.0,140.0,8.0,8.0,150.0,5.0,5.0,86.0
p10250.htm#i102494,B34,1035,1100,M,4,6,101,4.0,7.0,94.0,4.0,7.0,92.0,12.0,7.0,90.0
p73004.htm#i730036,B34,1270,1317,M,2,5,54,7.0,7.0,80.0,7.0,4.0,65.0,2.0,7.0,63.0
p9.htm#i83,B16,1053,1130,M,2,5,60,3.0,6.0,44.0,5.0,7.0,78.0,,,
p1962.htm#i19611,B26,1223,1282,M,6,9,93,2.0,3.0,16.0,3.0,3.0,23.0,1.0,3.0,9.0
p11528.htm#i115277,B4,1143,1170,M,1,3,49,,,,6.0,5.0,108.0,,,
p70907.htm#i709069,B49,1290,1335,M,4,10,80,3.0,7.0,59.0,3.0,6.0,47.0,3.0,6.0,54.0
p10676.htm#i106753,B4,1154,1184,M,2,7,104,4.0,10.0,167.0,3.0,7.0,89.0,11.0,11.0,241.0
p4038.htm#i40376,B1,1276,1300,M,2,4,82,4.0,4.0,113.0,4.0,4.0,139.0,8.0,6.0,200.0
p882.htm#i8814,B26,1103,1154,M,2,2,29,,,,1.0,6.0,42.0,,,
p38686.htm#i386858,B25,1300,1357,M,4,2,27,,,,2.0,1.0,39.0,,,
p10202.htm#i102013,B34,1133,1189,M,20,34,462,4.0,21.0,288.0,4.0,19.0,193.0,30.0,23.0,414.0
p30065.htm#i300646,B38,1049,1103,M,5,1,19,1.0,1.0,13.0,3.0,1.0,18.0,,,
p11476.htm#i114757,B1,1136,1194,M,2,3,53,,,,2.0,4.0,75.0,,,
p66332.htm#i663312,solo_PL172598,1149,1209,M,2,6,34,2.0,6.0,54.0,0.0,1.0,0.0,10.0,7.0,115.0
p10768.htm#i107679,B26,1059,1119,M,1,1,12,,,,,,,,,
p53231.htm#i532301,B0,1282,1357,M,2,5,162,6.0,6.0,181.0,13.0,6.0,270.0,9.0,6.0,198.0
p11405.htm#i114041,B1,1157,1194,M,5,7,135,3.0,6.0,92.0,5.0,8.0,168.0,1.0,3.0,30.0
p4049.htm#i40487,B34,1117,1177,M,1,2,8,,,,2.0,2.0,13.0,,,
p4895.htm#i48941,B27,1070,1128,M,5,7,101,3.0,4.0,47.0,3.0,2.0,21.0,4.0,4.0,47.0
p19098.htm#i190979,B27,1282,1315,M,3,6,68,1.0,7.0,41.0,0.0,1.0,0.0,5.0,10.0,94.0
p15058.htm#i150576,B0,1110,1135,M,3,4,43,1.0,2.0,21.0,3.0,2.0,47.0,,,
p30068.htm#i300676,B38,1236,1294,M,1,1,15,,,,1.0,1.0,13.0,,,
p4186.htm#i41852,B1,1264,1325,M,3,6,113,8.0,7.0,143.0,6.0,3.0,58.0,12.0,10.0,297.0
p11338.htm#i113377,B4,1291,1357,M,6,17,176,4.0,6.0,144.0,4.0,6.0,145.0,9.0,7.0,264.0
p16402.htm#i164018,B1,1222,1251,M,3,3,17,1.0,3.0,14.0,3.0,4.0,27.0,,,
p16860.htm#i168591,B3,1230,1315,M,3,8,60,3.0,7.0,32.0,5.0,10.0,82.0,,,
p843.htm#i8425,B0,1174,1234,M,2,5,39,3.0,3.0,13.0,4.0,5.0,47.0,1.0,2.0,6.0
p775.htm#i7749,B1,1296,1363,M,2,5,150,7.0,5.0,154.0,7.0,4.0,199.0,6.0,5.0,152.0
p11304.htm#i113039,B1,1232,1257,M,4,5,72,4.0,4.0,34.0,7.0,3.0,38.0,3.0,6.0,43.0
p11300.htm#i112998,B1,1090,1130,M,6,5,85,,,,4.0,2.0,49.0,,,
p4035.htm#i40343,B1,1272,1292,M,2,2,73,1.0,2.0,58.0,3.0,6.0,159.0,,,
p4180.htm#i41794,B16,1256,1295,M,3,4,48,2.0,4.0,23.0,3.0,6.0,60.0,1.0,2.0,10.0
p11361.htm#i113603,B4,1206,1250,M,3,4,85,4.0,5.0,72.0,4.0,4.0,62.0,4.0,5.0,72.0
p86.htm#i860,B26,1273,1307,M,1,6,60,,,,5.0,7.0,76.0,,,
p57108.htm#i571073,B26,1224,1291,M,4,2,41,3.0,1.0,7.0,4.0,1.0,10.0,,,
p11378.htm#i113776,B4,1272,1322,M,4,5,150,4.0,6.0,140.0,4.0,6.0,152.0,5.0,5.0,161.0
p11860.htm#i118592,B27,1267,1327,M,2,4,25,,,,2.0,4.0,37.0,,,
p67273.htm#i672727,B16,1069,1122,M,3,1,20,2.0,1.0,18.0,3.0,2.0,25.0,1.0,1.0,7.0
p19831.htm#i198303,B26,1098,1158,M,3,3,25,3.0,4.0,37.0,1.0,3.0,16.0,5.0,6.0,64.0
p363.htm#i3623,B1,1291,1326,M,4,4,72,3.0,4.0,91.0,2.0,2.0,96.0,9.0,3.0,92.0
p24827.htm#i248261,B4,1210,1271,M,3,4,76,4.0,4.0,54.0,5.0,8.0,137.0,1.0,2.0,15.0
p11649.htm#i116483,B26,1246,1271,M,5,9,84,4.0,4.0,63.0,3.0,8.0,88.0,9.0,4.0,79.0
p16403.htm#i164029,B1,1294,1335,M,2,2,18,1.0,1.0,8.0,3.0,2.0,10.0,,,
p10685.htm#i106849,B4,1269,1298,M,9,5,169,4.0,6.0,84.0,6.0,5.0,155.0,4.0,6.0,98.0
p4174.htm#i41737,B34,1244,1266,M,3,7,73,5.0,6.0,64.0,3.0,12.0,149.0,3.0,4.0,41.0
p67317.htm#i673170,B11,1138,1198,M,2,4,40,3.0,6.0,66.0,2.0,2.0,19.0,3.0,5.0,60.0
p784.htm#i7836,B1,1291,1323,M,2,8,155,10.0,8.0,202.0,10.0,5.0,212.0,11.0,10.0,222.0
p11415.htm#i114147,B1,1261,1313,M,5,4,168,6.0,4.0,112.0,6.0,6.0,119.0,9.0,4.0,183.0
p67319.htm#i673190,B16,1262,1335,M,2,1,37,2.0,1.0,25.0,4.0,2.0,52.0,,,
p11333.htm#i113328,B1,1105,1159,M,5,5,166,2.0,1.0,38.0,4.0,3.0,56.0,3.0,4.0,60.0
p48332.htm#i483316,B4,1089,1148,M,7,2,54,1.0,2.0,27.0,4.0,4.0,42.0,,,
p60455.htm#i604545,B0,1180,1250,M,2,1,15,1.0,1.0,14.0,3.0,1.0,30.0,,,
p11385.htm#i113843,B1,1282,1307,M,4,6,205,5.0,5.0,123.0,5.0,5.0,115.0,3.0,5.0,95.0
p11451.htm#i114508,B4,1256,1277,M,3,6,128,7.0,9.0,166.0,8.0,7.0,212.0,7.0,11.0,208.0
p19586.htm#i195858,B25,1268,1299,M,2,5,74,3.0,7.0,118.0,3.0,6.0,69.0,7.0,7.0,177.0
p15484.htm#i154835,B25,1299,1378,M,7,6,58,6.0,4.0,43.0,7.0,4.0,54.0,2.0,2.0,28.0
p10914.htm#i109140,B26,1201,1242,M,2,4,30,4.0,3.0,31.0,2.0,4.0,35.0,5.0,2.0,29.0
p52890.htm#i528895,B26,1274,1336,M,2,5,59,2.0,1.0,23.0,4.0,2.0,50.0,,,
p11305.htm#i113043,B4,1229,1274,M,4,8,181,7.0,5.0,124.0,8.0,8.0,163.0,7.0,6.0,192.0
p28408.htm#i284074,B15,1052,1129,M,1,1,10,,,,1.0,1.0,11.0,,,
p900.htm#i8991,B1,1146,1187,M,2,6,68,3.0,6.0,43.0,3.0,8.0,89.0,1.0,3.0,21.0
p16402.htm#i164017,B1,1247,1293,M,5,3,15,,,,2.0,3.0,15.0,,,
p4209.htm#i42083,B4,1251,1281,M,1,4,121,,,,4.0,5.0,155.0,,,
p57108.htm#i571075,B26,1264,1317,M,4,6,73,5.0,4.0,65.0,3.0,2.0,34.0,5.0,2.0,50.0
p10476.htm#i104752,B34,1131,1162,M,3,15,146,3.0,13.0,83.0,9.0,16.0,206.0,4.0,7.0,43.0
p67231.htm#i672305,B16,1060,1108,M,2,4,34,,,,3.0,5.0,44.0,,,
p58177.htm#i581765,B27,1143,1193,M,3,2,13,1.0,2.0,7.0,3.0,2.0,13.0,,,
p10217.htm#i102162,B4,1155,1214,M,15,14,238,3.0,7.0,54.0,3.0,7.0,87.0,4.0,6.0,38.0
p255.htm#i2545,B4,1164,1234,M,2,7,72,3.0,7.0,97.0,3.0,7.0,58.0,9.0,8.0,194.0
p12963.htm#i129628,B3,1293,1361,M,7,25,253,3.0,8.0,110.0,4.0,11.0,157.0,6.0,7.0,95.0
p11360.htm#i113591,B44,1133,1193,M,2,4,44,6.0,3.0,27.0,7.0,4.0,33.0,1.0,2.0,15.0
p11292.htm#i112913,B1,1280,1318,M,6,7,140,5.0,5.0,127.0,5.0,4.0,127.0,15.0,6.0,202.0
p10202.htm#i102016,B34,1155,1183,M,4,20,240,7.0,19.0,180.0,5.0,22.0,247.0,4.0,17.0,137.0
p4291.htm#i42908,B0,1155,1200,M,5,4,65,3.0,4.0,50.0,3.0,2.0,25.0,3.0,4.0,55.0
p10282.htm#i102819,B3,1206,1268,M,4,4,50,4.0,4.0,65.0,11.0,4.0,29.0,4.0,6.0,123.0
p10282.htm#i102813,solo_PL6672,1282,1343,M,2,3,10,,,,1.0,3.0,8.0,,,
p11407.htm#i114064,B1,1044,1102,M,6,2,33,,,,1.0,1.0,7.0,,,
p40592.htm#i405918,B36,1189,1238,M,6,4,51,3.0,6.0,18.0,3.0,3.0,11.0,1.0,3.0,11.0
p4212.htm#i42111,B0,1094,1109,M,2,4,48,2.0,4.0,41.0,3.0,6.0,99.0,1.0,2.0,17.0
p39262.htm#i392618,B26,1125,1165,M,2,1,18,,,,1.0,3.0,28.0,,,
p382.htm#i3816,B38,1067,1118,M,3,4,31,3.0,4.0,30.0,1.0,4.0,15.0,4.0,5.0,36.0
p11289.htm#i112885,B1,1284,1325,M,5,4,69,3.0,5.0,95.0,3.0,4.0,69.0,7.0,7.0,233.0
p32196.htm#i321952,B26,1180,1220,M,4,1,27,2.0,1.0,23.0,1.0,5.0,18.0,,,
p66332.htm#i663311,B27,1150,1212,M,2,6,34,3.0,7.0,56.0,1.0,6.0,30.0,10.0,8.0,117.0
p15170.htm#i151699,B3,1290,1320,M,2,5,44,1.0,4.0,24.0,3.0,4.0,62.0,,,
p67306.htm#i673052,B16,1230,1285,M,2,3,44,3.0,3.0,63.0,4.0,3.0,33.0,5.0,5.0,101.0
p66334.htm#i663335,B0,1270,1293,M,2,8,83,3.0,13.0,197.0,3.0,7.0,87.0,8.0,17.0,316.0
p11304.htm#i113038,B1,1184,1249,M,3,7,57,0.0,1.0,0.0,2.0,6.0,53.0,,,
p40546.htm#i405458,B3,1281,1337,M,2,15,140,3.0,13.0,88.0,4.0,11.0,109.0,7.0,12.0,96.0
p10472.htm#i104715,B34,1114,1158,M,2,14,147,3.0,13.0,85.0,3.0,16.0,170.0,3.0,5.0,45.0
p10458.htm#i104580,B34,1239,1298,M,2,14,242,3.0,12.0,202.0,7.0,23.0,344.0,5.0,5.0,109.0
p4175.htm#i41746,B34,1278,1346,M,2,4,55,6.0,7.0,100.0,4.0,4.0,45.0,5.0,13.0,202.0
p22158.htm#i221574,B0,1085,1139,M,8,4,78,1.0,2.0,15.0,3.0,3.0,37.0,,,
p67216.htm#i672158,B16,1076,1130,M,6,2,29,2.0,2.0,23.0,4.0,2.0,29.0,,,
p4256.htm#i42556,B0,1112,1167,M,6,4,123,3.0,1.0,57.0,3.0,2.0,45.0,7.0,3.0,68.0
p18381.htm#i183806,B26,1190,1250,M,4,5,51,3.0,8.0,90.0,3.0,5.0,35.0,11.0,17.0,202.0
p41019.htm#i410189,B34,1275,1293,M,3,10,63,3.0,11.0,72.0,5.0,13.0,110.0,4.0,9.0,51.0
p56807.htm#i568066,B3,1136,1196,M,5,1,21,2.0,4.0,20.0,3.0,1.0,11.0,2.0,4.0,35.0
p57107.htm#i571067,B26,1073,1133,M,4,6,53,,,,2.0,5.0,47.0,,,
p12941.htm#i129409,B6,1256,1293,M,4,4,83,3.0,6.0,88.0,4.0,8.0,93.0,3.0,6.0,74.0
p70431.htm#i704303,B0,1103,1171,M,2,6,68,,,,,,,,,
p11857.htm#i118563,B27,1295,1361,M,5,12,79,3.0,7.0,85.0,3.0,4.0,75.0,5.0,9.0,100.0
p41220.htm#i412200,B34,1210,1270,M,4,3,15,1.0,3.0,11.0,2.0,4.0,38.0,,,
p10298.htm#i102975,B4,1254,1302,M,7,6,107,3.0,4.0,34.0,5.0,5.0,94.0,,,
p70903.htm#i709024,B34,1090,1160,M,4,6,83,3.0,6.0,107.0,3.0,7.0,67.0,14.0,8.0,185.0
p22851.htm#i228509,B139,1295,1366,M,3,3,14,3.0,2.0,10.0,1.0,1.0,7.0,3.0,2.0,10.0
p59997.htm#i599965,B6,1202,1258,M,5,8,79,2.0,1.0,14.0,3.0,2.0,24.0,1.0,1.0,8.0
p10293.htm#i102926,B26,1114,1152,M,11,14,163,10.0,11.0,125.0,6.0,11.0,132.0,5.0,12.0,121.0
p67333.htm#i673325,B16,1172,1218,M,2,6,75,5.0,10.0,138.0,3.0,6.0,103.0,5.0,13.0,206.0
p10469.htm#i104689,B34,1133,1188,M,1,15,163,,,,2.0,16.0,225.0,,,
p27245.htm#i272442,B25,1290,1350,M,2,13,148,,,,7.0,10.0,130.0,,,
p70420.htm#i704192,B34,1050,1107,M,2,3,63,,,,2.0,7.0,92.0,,,
p11385.htm#i113847,B0,1282,1328,M,11,8,132,3.0,5.0,46.0,4.0,6.0,94.0,1.0,3.0,18.0
p53085.htm#i530846,B1,1216,1248,M,2,4,41,4.0,4.0,69.0,2.0,3.0,37.0,4.0,5.0,106.0
p11528.htm#i115274,B4,1171,1214,M,1,2,21,,,,1.0,3.0,49.0,,,
p11336.htm#i113351,B4,1270,1296,M,3,6,120,5.0,6.0,155.0,5.0,7.0,190.0,4.0,6.0,195.0
p67253.htm#i672528,B16,1290,1378,M,3,2,26,3.0,2.0,35.0,3.0,2.0,18.0,8.0,3.0,62.0
p54621.htm#i546204,B15,1158,1213,M,3,1,29,,,,3.0,1.0,8.0,,,
p10780.htm#i107800,B26,1180,1240,M,2,14,136,,,,7.0,15.0,170.0,,,
p10469.htm#i104687,B34,1133,1188,M,1,15,163,,,,2.0,16.0,225.0,,,
p734.htm#i7334,B1,1216,1267,M,9,6,229,5.0,6.0,126.0,5.0,6.0,91.0,6.0,10.0,174.0
p13044.htm#i130440,B25,1261,1298,M,7,7,119,3.0,1.0,36.0,3.0,2.0,44.0,5.0,1.0,38.0
p11648.htm#i116473,B27,1147,1181,M,9,8,144,3.0,14.0,160.0,3.0,6.0,98.0,12.0,17.0,268.0
p60994.htm#i609932,B3,1130,1194,M,3,8,91,5.0,6.0,96.0,3.0,6.0,62.0,6.0,8.0,106.0
p10695.htm#i106947,B3,1278,1342,M,4,13,84,1.0,4.0,21.0,3.0,6.0,48.0,,,
p10545.htm#i105442,B1,1076,1135,M,2,4,53,2.0,3.0,29.0,3.0,4.0,71.0,1.0,1.0,14.0
p58844.htm#i588437,B16,1284,1336,M,3,7,40,,,,2.0,1.0,9.0,,,
p3753.htm#i37523,B1,1244,1300,M,2,6,131,7.0,7.0,169.0,3.0,7.0,100.0,10.0,8.0,222.0
p843.htm#i8430,B0,1204,1270,M,5,7,35,1.0,2.0,6.0,2.0,5.0,32.0,2.0,3.0,8.0
p38076.htm#i380758,B0,1070,1108,M,3,3,30,3.0,5.0,50.0,1.0,2.0,22.0,5.0,7.0,85.0
p10916.htm#i109155,B26,1263,1305,M,6,10,130,3.0,8.0,87.0,2.0,5.0,77.0,10.0,9.0,91.0
p11477.htm#i114768,B1,1271,1318,M,5,2,40,4.0,1.0,34.0,5.0,1.0,51.0,1.0,1.0,15.0
p70909.htm#i709086,B4,1285,1325,M,3,7,56,1.0,2.0,13.0,5.0,3.0,27.0,,,
p11288.htm#i112875,B1,1240,1290,M,7,4,135,5.0,4.0,97.0,6.0,4.0,92.0,6.0,3.0,71.0
p10489.htm#i104889,B16,1128,1186,M,4,6,115,1.0,3.0,37.0,2.0,3.0,41.0,7.0,4.0,84.0
p52904.htm#i529036,B26,1191,1248,M,2,6,81,4.0,5.0,64.0,4.0,1.0,14.0,3.0,7.0,113.0
p57109.htm#i571083,B26,1247,1311,M,3,2,13,1.0,1.0,8.0,3.0,1.0,13.0,,,
p10790.htm#i107899,B26,1290,1350,M,8,9,103,1.0,2.0,23.0,3.0,4.0,65.0,,,
p3717.htm#i37163,B1,1253,1320,M,5,7,162,12.0,8.0,200.0,8.0,8.0,137.0,12.0,10.0,264.0
p32577.htm#i325763,B6,1291,1337,M,3,6,49,,,,2.0,7.0,54.0,,,
p10769.htm#i107685,B26,1080,1128,M,3,9,50,5.0,9.0,46.0,4.0,9.0,60.0,,,
p4182.htm#i41813,B1,1269,1296,M,2,4,104,9.0,4.0,142.0,9.0,6.0,143.0,9.0,4.0,206.0
p904.htm#i9038,B1,1242,1288,M,2,7,115,3.0,5.0,145.0,2.0,5.0,28.0,10.0,7.0,205.0
p45043.htm#i450427,B26,1205,1265,M,2,1,6,,,,1.0,1.0,6.0,,,
p10472.htm#i104712,B222,1049,1109,M,1,6,36,,,,,,,,,
p10684.htm#i106834,B4,1200,1260,M,3,6,166,2.0,12.0,135.0,3.0,5.0,82.0,12.0,14.0,183.0
p4203.htm#i42029,B4,1248,1248,M,2,5,83,3.0,8.0,118.0,3.0,6.0,155.0,7.0,10.0,167.0
p10546.htm#i105456,B1,1157,1180,M,1,1,54,,,,4.0,2.0,99.0,,,
p10791.htm#i107904,B3,1173,1240,M,11,15,252,2.0,3.0,30.0,3.0,3.0,41.0,1.0,1.0,14.0
p11576.htm#i115753,B25,1265,1332,M,6,7,57,1.0,1.0,15.0,3.0,1.0,28.0,,,
p11469.htm#i114685,B1,1278,1353,M,4,5,48,5.0,1.0,34.0,6.0,1.0,51.0,1.0,1.0,18.0
p10546.htm#i105457,B1,1157,1182,M,1,1,56,,,,4.0,2.0,99.0,,,
p29787.htm#i297870,B34,1198,1243,M,4,6,72,3.0,4.0,28.0,3.0,6.0,97.0,1.0,3.0,10.0
p10251.htm#i102509,B34,1136,1164,M,2,21,232,6.0,22.0,308.0,6.0,20.0,209.0,30.0,23.0,435.0
p67267.htm#i672664,B16,1070,1125,M,4,4,34,4.0,5.0,46.0,1.0,3.0,28.0,11.0,8.0,67.0
p34408.htm#i344077,B34,1246,1277,M,2,9,118,2.0,7.0,87.0,3.0,16.0,187.0,1.0,2.0,22.0
p56020.htm#i560192,B26,1275,1355,M,7,3,25,,,,1.0,1.0,8.0,,,
p10475.htm#i104741,B4,1166,1218,M,5,6,160,3.0,5.0,117.0,4.0,4.0,117.0,10.0,5.0,143.0
p58175.htm#i581750,B27,1134,1190,M,2,6,59,4.0,6.0,90.0,4.0,7.0,81.0,5.0,7.0,111.0
p11481.htm#i114801,B1,1261,1303,M,6,1,43,1.0,1.0,33.0,7.0,1.0,49.0,,,
p57107.htm#i571069,B26,1133,1188,M,2,2,10,,,,1.0,2.0,21.0,,,
p11359.htm#i113586,B4,1093,1123,M,3,10,130,5.0,14.0,142.0,5.0,13.0,182.0,2.0,10.0,64.0
p19080.htm#i190791,B34,1192,1252,M,2,7,80,8.0,13.0,143.0,3.0,6.0,60.0,8.0,18.0,239.0
p523.htm#i5225,B26,1220,1290,M,10,8,189,4.0,2.0,45.0,10.0,2.0,58.0,2.0,1.0,30.0
p52066.htm#i520651,B4,1100,1182,M,3,6,71,3.0,7.0,96.0,3.0,5.0,48.0,14.0,11.0,183.0
p377.htm#i3767,B34,1108,1140,M,4,3,18,2.0,2.0,11.0,3.0,2.0,20.0,1.0,1.0,8.0
p70990.htm#i709894,B16,1156,1198,M,1,3,20,,,,3.0,5.0,46.0,,,
p10493.htm#i104923,B34,1183,1205,M,2,17,150,0.0,1.0,0.0,3.0,22.0,247.0,,,
p38150.htm#i381498,B34,1250,1305,M,4,6,57,4.0,5.0,67.0,4.0,5.0,62.0,11.0,5.0,90.0
p11399.htm#i113984,B1,1270,1335,M,6,9,246,10.0,7.0,157.0,2.0,5.0,76.0,9.0,6.0,167.0
p38686.htm#i386859,B25,1300,1357,M,1,2,27,,,,2.0,1.0,39.0,,,
p59338.htm#i593375,B0,1070,1119,M,2,1,7,,,,1.0,1.0,4.0,,,
p59216.htm#i592154,B0,1295,1340,M,3,6,103,5.0,5.0,87.0,8.0,6.0,167.0,,,
p4180.htm#i41796,B16,1268,1295,M,3,4,48,8.0,4.0,33.0,9.0,6.0,74.0,1.0,2.0,18.0
p15004.htm#i150036,B1,1062,1100,M,1,2,35,,,,2.0,3.0,34.0,,,
p19079.htm#i190784,B34,1190,1253,M,2,5,55,4.0,10.0,107.0,2.0,4.0,38.0,8.0,18.0,233.0
p10118.htm#i101175,B4,1212,1271,M,14,9,224,2.0,4.0,51.0,4.0,4.0,145.0,1.0,4.0,19.0
p73006.htm#i730054,B34,1284,1356,M,4,7,79,3.0,7.0,110.0,5.0,8.0,92.0,10.0,10.0,209.0
p14554.htm#i145534,B1,1220,1256,M,2,3,58,3.0,4.0,91.0,4.0,3.0,40.0,11.0,6.0,185.0
p22822.htm#i228213,B26,1267,1327,M,3,1,10,2.0,1.0,2.0,1.0,1.0,2.0,1.0,1.0,2.0
p19830.htm#i198300,B26,1071,1117,M,2,4,39,2.0,4.0,26.0,3.0,4.0,43.0,1.0,3.0,13.0
p53858.htm#i538572,B4,1295,1350,M,5,5,118,4.0,6.0,81.0,4.0,8.0,140.0,2.0,3.0,37.0
p54666.htm#i546652,B0,1210,1260,M,5,1,56,4.0,1.0,24.0,4.0,1.0,36.0,2.0,1.0,11.0
p70900.htm#i708997,B38,1273,1333,M,3,4,41,3.0,6.0,56.0,3.0,6.0,45.0,3.0,6.0,99.0
p10214.htm#i102139,B34,1281,1345,M,11,28,384,7.0,8.0,284.0,5.0,15.0,311.0,5.0,7.0,288.0
p11292.htm#i112911,B1,1232,1290,M,15,6,229,6.0,4.0,78.0,6.0,4.0,72.0,3.0,3.0,48.0
p40495.htm#i404944,B3,1135,1195,M,7,3,46,2.0,3.0,24.0,7.0,4.0,33.0,1.0,2.0,18.0
p11577.htm#i115764,B25,1161,1213,M,8,4,29,5.0,4.0,22.0,6.0,4.0,49.0,1.0,2.0,14.0
p10551.htm#i105503,B1,1276,1332,M,9,6,163,6.0,6.0,204.0,5.0,4.0,122.0,15.0,8.0,321.0
p11287.htm#i112870,B1,1112,1172,M,2,2,87,,,,,,,,,
p11462.htm#i114620,B1,1221,1279,M,5,2,95,3.0,1.0,22.0,4.0,2.0,60.0,1.0,1.0,10.0
p11287.htm#i112869,B1,1115,1139,M,2,3,53,,,,4.0,5.0,64.0,,,
p11478.htm#i114779,B1,1247,1305,M,2,1,44,2.0,1.0,33.0,3.0,1.0,46.0,3.0,1.0,25.0
p10251.htm#i102508,B34,1134,1158,M,2,19,211,5.0,22.0,305.0,5.0,20.0,207.0,30.0,23.0,428.0
p4195.htm#i41947,B44,1240,1305,M,8,8,103,3.0,6.0,71.0,2.0,7.0,121.0,6.0,6.0,90.0
p464.htm#i4634,B34,1127,1198,M,6,8,68,3.0,8.0,73.0,3.0,7.0,63.0,4.0,8.0,69.0
p42973.htm#i429726,B34,1173,1186,M,2,6,47,3.0,6.0,50.0,4.0,11.0,140.0,5.0,4.0,26.0
p407.htm#i4069,B27,1100,1153,M,4,6,101,6.0,3.0,48.0,4.0,3.0,54.0,2.0,2.0,33.0
p11361.htm#i113608,B4,1249,1322,M,10,16,284,1.0,3.0,27.0,3.0,4.0,54.0,,,
p65589.htm#i655890,B25,1268,1327,M,2,6,82,3.0,7.0,118.0,3.0,6.0,69.0,7.0,7.0,177.0
p10768.htm#i107676,B26,1059,1119,M,1,1,12,,,,,,,,,
p380.htm#i3791,B34,1085,1145,M,5,6,68,3.0,4.0,24.0,6.0,6.0,44.0,2.0,2.0,18.0
p13045.htm#i130445,B3,1296,1354,M,2,15,151,4.0,8.0,116.0,5.0,11.0,170.0,6.0,7.0,98.0
p53113.htm#i531125,B34,1211,1271,M,3,5,45,2.0,1.0,15.0,4.0,3.0,26.0,,,
p24827.htm#i248266,B4,1210,1271,M,2,4,75,4.0,4.0,54.0,5.0,8.0,137.0,1.0,2.0,15.0
p10770.htm#i107700,B26,1070,1126,M,8,5,55,3.0,4.0,31.0,3.0,4.0,42.0,1.0,3.0,16.0
p11425.htm#i114248,B1,1090,1147,M,8,6,161,3.0,3.0,44.0,1.0,3.0,22.0,4.0,5.0,82.0
p67249.htm#i672488,B16,1198,1256,M,1,1,6,,,,2.0,2.0,17.0,,,
p58956.htm#i589558,B0,1185,1225,M,2,2,56,4.0,5.0,77.0,4.0,2.0,55.0,9.0,6.0,134.0
p2406.htm#i24052,B26,1269,1309,M,4,3,27,2.0,3.0,17.0,3.0,5.0,31.0,1.0,2.0,9.0
p746.htm#i7459,B1,1278,1315,M,3,4,71,5.0,6.0,89.0,3.0,5.0,128.0,1.0,4.0,28.0
p58968.htm#i589678,B0,1220,1277,M,11,3,131,7.0,4.0,85.0,7.0,2.0,74.0,11.0,7.0,137.0
p58996.htm#i589952,B26,1132,1188,M,2,1,9,,,,1.0,2.0,8.0,,,
p12000.htm#i119992,B44,1132,1189,M,6,5,65,4.0,3.0,23.0,6.0,3.0,32.0,,,
p15058.htm#i150575,B0,1078,1131,M,4,2,66,4.0,2.0,32.0,5.0,2.0,52.0,,,
p10253.htm#i102529,B34,1249,1300,M,3,15,267,4.0,16.0,226.0,11.0,25.0,397.0,7.0,10.0,171.0
p10547.htm#i105462,B1,1155,1230,M,13,9,256,2.0,1.0,45.0,7.0,4.0,111.0,1.0,1.0,16.0
p35875.htm#i358743,B25,1265,1348,M,1,2,42,,,,1.0,2.0,43.0,,,
p4268.htm#i42672,B4,1258,1307,M,5,10,247,8.0,5.0,231.0,5.0,5.0,110.0,9.0,8.0,288.0
p352.htm#i3520,B112,1274,1314,M,6,10,112,3.0,7.0,83.0,3.0,5.0,43.0,1.0,5.0,31.0
p4266.htm#i42655,B4,1250,1290,M,2,8,127,2.0,3.0,35.0,4.0,4.0,62.0,,,
p33518.htm#i335175,B25,1145,1205,M,2,4,67,4.0,4.0,37.0,4.0,6.0,73.0,2.0,4.0,16.0
p359.htm#i3586,B34,1179,1239,M,7,6,90,6.0,7.0,81.0,8.0,15.0,179.0,,,
p6190.htm#i61896,B12,1256,1318,M,7,2,97,6.0,2.0,48.0,4.0,2.0,48.0,6.0,2.0,58.0
p843.htm#i8423,B0,1174,1234,M,5,7,43,3.0,3.0,13.0,4.0,5.0,47.0,1.0,2.0,6.0
p11403.htm#i114029,B1,1175,1261,M,13,10,287,5.0,4.0,92.0,8.0,6.0,109.0,6.0,2.0,117.0
p11476.htm#i114758,B1,1189,1238,M,3,3,47,2.0,3.0,27.0,4.0,3.0,49.0,,,
p67333.htm#i673322,B16,1048,1110,M,2,2,42,3.0,1.0,20.0,7.0,1.0,27.0,1.0,1.0,14.0
p4266.htm#i42651,B4,1255,1311,M,5,16,182,7.0,4.0,100.0,10.0,5.0,138.0,,,
p46659.htm#i466585,solo_PL113116,1093,1136,M,0,1,0,,,,,,,,,
p67323.htm#i673221,B16,1150,1186,M,11,2,42,,,,2.0,1.0,23.0,,,
p58847.htm#i588467,B16,1150,1198,M,4,3,20,,,,2.0,5.0,44.0,,,
p70421.htm#i704208,B1,1062,1131,M,3,8,143,4.0,6.0,62.0,3.0,5.0,70.0,2.0,5.0,26.0
p10548.htm#i105477,B1,1218,1252,M,7,6,203,6.0,6.0,158.0,10.0,9.0,234.0,9.0,7.0,178.0
p11333.htm#i113326,B4,1080,1130,M,6,7,73,5.0,6.0,82.0,2.0,6.0,50.0,13.0,8.0,161.0
p11406.htm#i114058,B1,1108,1141,M,3,6,112,7.0,5.0,71.0,4.0,4.0,42.0,4.0,7.0,122.0
p58843.htm#i588427,B16,1166,1198,M,3,3,20,2.0,3.0,14.0,3.0,5.0,47.0,1.0,2.0,8.0
p10777.htm#i107765,B26,1215,1215,M,2,9,136,10.0,14.0,218.0,14.0,19.0,272.0,9.0,9.0,235.0
p4268.htm#i42680,B27,1162,1247,M,4,14,150,3.0,4.0,34.0,3.0,4.0,30.0,5.0,4.0,30.0
p4155.htm#i41545,B1,1255,1314,M,2,5,174,5.0,4.0,81.0,7.0,5.0,128.0,1.0,4.0,25.0
p46491.htm#i464906,B4,1049,1112,M,2,7,82,3.0,5.0,52.0,5.0,8.0,91.0,3.0,5.0,63.0
p15004.htm#i150039,B1,1062,1120,M,2,2,15,,,,1.0,1.0,13.0,,,
p899.htm#i8983,B1,1161,1175,M,2,6,99,4.0,7.0,130.0,5.0,9.0,145.0,12.0,7.0,186.0
p60449.htm#i604489,B0,1180,1212,M,3,3,60,2.0,3.0,40.0,4.0,4.0,78.0,,,
p4187.htm#i41865,B1,1157,1196,M,2,8,74,3.0,11.0,79.0,0.0,1.0,0.0,6.0,11.0,140.0
p4298.htm#i42971,B0,1221,1268,M,9,6,233,2.0,3.0,37.0,6.0,3.0,73.0,1.0,1.0,14.0
p12000.htm#i119991,B44,1129,1180,M,2,4,44,2.0,3.0,20.0,4.0,3.0,29.0,,,
p15227.htm#i152264,B1,1164,1238,M,2,2,24,,,,1.0,2.0,69.0,,,
p833.htm#i8324,B0,1202,1270,M,3,7,44,2.0,3.0,12.0,3.0,5.0,32.0,2.0,3.0,6.0
p16084.htm#i160835,B25,1144,1204,M,3,5,50,,,,7.0,8.0,78.0,,,
p10776.htm#i107758,B26,1207,1237,M,3,13,217,9.0,13.0,192.0,13.0,17.0,240.0,9.0,9.0,217.0
p2358.htm#i23572,B3,1204,1230,M,8,11,129,3.0,8.0,59.0,4.0,12.0,84.0,9.0,7.0,72.0
p11529.htm#i115283,B4,1066,1100,M,2,4,59,3.0,4.0,39.0,5.0,8.0,91.0,,,
p67320.htm#i673191,B16,1264,1335,M,4,1,37,5.0,1.0,29.0,7.0,2.0,56.0,,,
p897.htm#i8965,B1,1103,1123,M,2,5,31,2.0,5.0,30.0,3.0,6.0,62.0,1.0,3.0,13.0
p847.htm#i8466,B1,1159,1174,M,2,6,79,7.0,7.0,89.0,7.0,10.0,134.0,5.0,5.0,55.0
p10255.htm#i102543,B38,1268,1300,M,6,11,120,3.0,13.0,167.0,7.0,10.0,113.0,5.0,13.0,233.0
p19078.htm#i190777,B25,1229,1261,M,5,2,48,3.0,2.0,28.0,5.0,4.0,45.0,1.0,1.0,13.0
p67319.htm#i673188,B16,1220,1256,M,9,2,52,3.0,2.0,28.0,3.0,2.0,41.0,2.0,1.0,11.0
p523.htm#i5227,B26,1277,1303,M,3,7,108,3.0,6.0,110.0,3.0,5.0,71.0,10.0,7.0,164.0
p70426.htm#i704256,B27,1059,1102,M,2,6,29,2.0,4.0,20.0,3.0,4.0,33.0,1.0,2.0,10.0
p10787.htm#i107870,B26,1297,1344,M,2,14,121,5.0,12.0,143.0,6.0,9.0,78.0,15.0,17.0,264.0
p923.htm#i9222,B34,1249,1291,M,10,9,106,3.0,8.0,77.0,3.0,5.0,62.0,7.0,8.0,87.0
p15193.htm#i151921,B16,1273,1333,M,2,3,34,,,,2.0,4.0,35.0,,,
p883.htm#i8822,B1,1045,1101,M,7,7,157,3.0,4.0,61.0,2.0,5.0,42.0,6.0,5.0,76.0
p7226.htm#i72259,B34,1266,1312,M,2,4,52,5.0,7.0,90.0,3.0,4.0,39.0,5.0,13.0,191.0
p67255.htm#i672550,B16,1288,1341,M,2,1,23,3.0,1.0,32.0,1.0,1.0,18.0,9.0,2.0,67.0
p11466.htm#i114653,B1,1211,1267,M,9,1,65,3.0,1.0,24.0,4.0,1.0,64.0,1.0,1.0,9.0
p54639.htm#i546383,B15,1283,1347,M,3,2,17,,,,4.0,2.0,18.0,,,
p11527.htm#i115268,B4,1269,1312,M,1,3,37,,,,3.0,4.0,68.0,,,
p70336.htm#i703356,B4,1265,1309,M,4,8,63,3.0,9.0,47.0,3.0,8.0,54.0,3.0,8.0,66.0
p11394.htm#i113937,B1,1140,1189,M,6,5,149,3.0,6.0,113.0,4.0,4.0,93.0,11.0,7.0,134.0
p4284.htm#i42839,B1,1184,1237,M,2,6,37,0.0,1.0,0.0,2.0,6.0,53.0,,,
p404.htm#i4040,B1,1076,1132,M,9,7,129,2.0,6.0,54.0,2.0,4.0,45.0,10.0,8.0,96.0
p11396.htm#i113954,B1,1205,1253,M,7,8,240,5.0,6.0,140.0,9.0,7.0,178.0,9.0,7.0,232.0
p2.htm#i14,B1,1274,1319,M,6,5,159,3.0,5.0,106.0,8.0,6.0,143.0,14.0,4.0,162.0
p10471.htm#i104710,B34,1066,1110,M,9,5,78,3.0,4.0,33.0,1.0,2.0,20.0,9.0,7.0,76.0
p10194.htm#i101932,B34,1256,1257,M,2,13,185,11.0,17.0,264.0,11.0,25.0,400.0,7.0,11.0,208.0
p54621.htm#i546202,B15,1151,1213,M,3,2,20,,,,1.0,1.0,4.0,,,
p66334.htm#i663333,B0,1223,1276,M,2,5,50,3.0,5.0,29.0,5.0,8.0,68.0,2.0,3.0,16.0
p4311.htm#i43101,B0,1297,1349,M,2,11,112,4.0,5.0,91.0,4.0,5.0,114.0,6.0,7.0,168.0
p4195.htm#i41946,B44,1266,1333,M,2,9,112,5.0,7.0,97.0,5.0,9.0,175.0,7.0,8.0,121.0
p11474.htm#i114735,B1,1136,1196,M,1,3,29,,,,2.0,3.0,42.0,,,
p10288.htm#i102872,B26,1143,1214,M,13,18,301,6.0,13.0,135.0,6.0,12.0,139.0,7.0,13.0,125.0
p11300.htm#i112991,B1,1135,1161,M,2,3,49,5.0,4.0,42.0,7.0,4.0,59.0,1.0,2.0,22.0
p4178.htm#i41777,B34,1254,1322,M,3,11,60,3.0,13.0,162.0,1.0,6.0,46.0,6.0,22.0,375.0
p4893.htm#i48922,B34,1253,1260,M,2,7,59,3.0,7.0,88.0,4.0,9.0,92.0,5.0,7.0,90.0
p56833.htm#i568322,B112,1253,1309,M,7,11,99,3.0,9.0,87.0,3.0,6.0,55.0,7.0,9.0,92.0
p11406.htm#i114056,B4,1066,1112,M,7,5,85,3.0,4.0,39.0,5.0,8.0,91.0,,,
p514.htm#i5132,B26,1188,1248,M,4,7,99,2.0,11.0,97.0,5.0,7.0,53.0,9.0,15.0,188.0
p10288.htm#i102876,B1,1268,1299,M,6,14,188,5.0,6.0,164.0,5.0,4.0,94.0,9.0,8.0,234.0
p10463.htm#i104626,B4,1185,1223,M,8,7,153,3.0,5.0,78.0,3.0,5.0,92.0,7.0,5.0,108.0
p11359.htm#i113590,B34,1058,1111,M,3,7,144,2.0,4.0,57.0,9.0,8.0,114.0,,,
p51099.htm#i510984,B15,1176,1236,M,2,1,6,,,,1.0,1.0,4.0,,,
p19079.htm#i190787,B34,1256,1316,M,1,7,102,,,,6.0,16.0,278.0,,,
p54638.htm#i546379,B15,1213,1283,M,5,2,24,2.0,1.0,10.0,3.0,1.0,13.0,1.0,1.0,6.0
p52790.htm#i527895,B12,1288,1356,M,4,16,171,6.0,10.0,162.0,6.0,9.0,140.0,8.0,10.0,253.0
p844.htm#i8431,B0,1200,1230,M,2,4,26,1.0,1.0,2.0,2.0,4.0,28.0,2.0,1.0,2.0
p10216.htm#i102155,B26,1074,1106,M,2,10,99,6.0,6.0,69.0,10.0,7.0,77.0,6.0,7.0,88.0
p57107.htm#i571070,B26,1182,1228,M,5,1,11,,,,1.0,2.0,9.0,,,
p22389.htm#i223883,B27,1286,1357,M,3,2,16,2.0,1.0,7.0,3.0,1.0,9.0,1.0,1.0,6.0
p4893.htm#i48924,B34,1260,1302,M,2,7,63,7.0,8.0,112.0,8.0,10.0,116.0,5.0,8.0,101.0
p15562.htm#i155611,B25,1242,1286,M,2,3,29,,,,1.0,1.0,15.0,,,
p11997.htm#i119965,B44,1118,1139,M,2,4,26,2.0,2.0,17.0,3.0,3.0,23.0,1.0,1.0,8.0
p842.htm#i8418,B0,1144,1219,M,2,5,54,4.0,5.0,59.0,4.0,4.0,34.0,6.0,6.0,96.0
p33374.htm#i333734,B25,1290,1345,M,3,3,11,,,,1.0,3.0,22.0,,,
p2569.htm#i25689,B1,1293,1340,M,7,9,119,3.0,4.0,63.0,5.0,5.0,129.0,,,
p17014.htm#i170139,B27,1260,1320,M,4,6,37,1.0,3.0,23.0,3.0,8.0,72.0,,,
p11399.htm#i113986,B1,1267,1322,M,19,8,287,6.0,4.0,179.0,6.0,7.0,228.0,5.0,5.0,145.0
p58367.htm#i583665,B0,1250,1327,M,5,3,112,3.0,3.0,78.0,1.0,1.0,30.0,10.0,3.0,103.0
p40652.htm#i406519,B36,1287,1297,M,2,3,33,4.0,5.0,52.0,4.0,4.0,35.0,5.0,8.0,77.0
p11410.htm#i114091,B34,1031,1101,M,14,11,185,7.0,9.0,169.0,11.0,7.0,86.0,16.0,15.0,298.0
p842.htm#i8419,B0,1144,1213,M,2,5,54,4.0,5.0,59.0,4.0,4.0,34.0,6.0,6.0,96.0
p11394.htm#i113939,B1,1130,1161,M,7,6,109,1.0,1.0,18.0,3.0,2.0,42.0,,,
p53231.htm#i532307,B0,1275,1340,M,5,4,76,1.0,1.0,17.0,3.0,1.0,32.0,,,
p11335.htm#i113350,B4,1291,1343,M,5,10,100,3.0,3.0,52.0,6.0,7.0,104.0,,,
p58995.htm#i589944,B26,1042,1118,M,2,5,38,,,,2.0,8.0,66.0,,,
p10521.htm#i105204,B4,1256,1317,M,9,7,258,12.0,8.0,189.0,12.0,6.0,219.0,7.0,11.0,208.0
p4290.htm#i42899,B0,1226,1275,M,9,6,187,4.0,8.0,139.0,9.0,6.0,122.0,11.0,9.0,196.0
p11414.htm#i114140,B1,1245,1269,M,3,3,139,7.0,4.0,103.0,8.0,4.0,141.0,4.0,5.0,103.0
p11996.htm#i119954,B44,1100,1159,M,9,6,53,1.0,3.0,16.0,3.0,6.0,31.0,,,
p61900.htm#i619000,B0,1249,1310,M,4,1,42,4.0,1.0,36.0,4.0,1.0,46.0,4.0,1.0,37.0
p26767.htm#i267664,B25,1270,1335,M,4,2,42,3.0,1.0,18.0,5.0,1.0,31.0,,,
p62944.htm#i629435,B0,1167,1210,M,2,10,119,6.0,13.0,158.0,6.0,10.0,101.0,11.0,16.0,199.0
p4290.htm#i42896,B0,1256,1305,M,15,6,202,4.0,3.0,96.0,4.0,6.0,122.0,5.0,2.0,92.0
p10466.htm#i104659,B34,1086,1144,M,3,13,128,,,,,,,,,
p4271.htm#i42707,B34,1187,1245,M,3,10,186,4.0,7.0,55.0,4.0,4.0,33.0,5.0,11.0,143.0
p64202.htm#i642012,B36,1255,1316,M,2,6,64,2.0,3.0,24.0,3.0,6.0,42.0,2.0,2.0,17.0
p16084.htm#i160838,B25,1269,1317,M,8,5,60,2.0,1.0,19.0,4.0,2.0,39.0,1.0,1.0,10.0
p4155.htm#i41542,B1,1255,1281,M,2,5,106,5.0,4.0,81.0,7.0,5.0,128.0,1.0,4.0,25.0
p10251.htm#i102501,B0,1074,1140,M,8,14,238,5.0,4.0,58.0,6.0,5.0,94.0,1.0,2.0,19.0
p10777.htm#i107769,B26,1292,1338,M,2,15,112,4.0,11.0,159.0,6.0,9.0,125.0,10.0,17.0,319.0
p66239.htm#i662383,B26,1294,1322,M,2,2,37,2.0,2.0,33.0,3.0,1.0,50.0,5.0,4.0,47.0
p10769.htm#i107681,B26,1089,1149,M,3,3,27,1.0,8.0,32.0,0.0,1.0,0.0,10.0,10.0,79.0
p10464.htm#i104633,B4,1184,1239,M,2,12,215,8.0,20.0,229.0,8.0,12.0,138.0,20.0,32.0,426.0
p4217.htm#i42162,B34,1160,1203,M,2,4,33,2.0,12.0,86.0,0.0,1.0,0.0,4.0,16.0,130.0
p11303.htm#i113028,B1,1168,1205,M,1,1,22,,,,2.0,1.0,33.0,,,
p1961.htm#i19604,B26,1170,1248,M,4,5,36,1.0,1.0,2.0,2.0,3.0,15.0,2.0,1.0,2.0
p41221.htm#i412204,B34,1132,1184,M,3,9,86,5.0,8.0,77.0,2.0,8.0,47.0,7.0,10.0,86.0
p15487.htm#i154869,B25,1142,1202,M,1,5,50,,,,3.0,8.0,73.0,,,
p22038.htm#i220376,B0,1170,1216,M,2,9,133,4.0,11.0,180.0,3.0,7.0,118.0,11.0,12.0,259.0
p783.htm#i7823,B1,1215,1266,M,4,5,155,6.0,2.0,89.0,7.0,4.0,104.0,7.0,4.0,139.0
p4212.htm#i42112,B0,1064,1127,M,2,6,124,8.0,6.0,94.0,4.0,8.0,161.0,1.0,5.0,37.0
p2.htm#i11,B1,1300,1327,M,3,5,81,3.0,3.0,62.0,3.0,4.0,131.0,7.0,2.0,38.0
p11998.htm#i119980,B34,1042,1102,M,3,6,48,3.0,4.0,25.0,3.0,3.0,16.0,2.0,4.0,24.0
p4218.htm#i42174,B27,1166,1203,M,2,8,97,3.0,13.0,162.0,3.0,9.0,134.0,10.0,16.0,287.0
p56833.htm#i568326,B112,1278,1335,M,3,11,85,3.0,6.0,40.0,3.0,7.0,64.0,2.0,6.0,26.0
p903.htm#i9029,B1,1237,1294,M,2,5,34,4.0,5.0,14.0,4.0,7.0,47.0,2.0,3.0,9.0
p22869.htm#i228687,B34,1262,1335,M,4,5,96,6.0,7.0,63.0,6.0,4.0,46.0,2.0,7.0,56.0
p19586.htm#i195857,B25,1230,1286,M,2,7,139,6.0,10.0,126.0,4.0,6.0,104.0,5.0,10.0,117.0
p11343.htm#i113430,B4,1254,1283,M,3,4,156,4.0,5.0,173.0,10.0,5.0,172.0,14.0,8.0,225.0
p774.htm#i7733,B1,1270,1308,M,7,5,165,7.0,6.0,115.0,7.0,4.0,137.0,4.0,7.0,178.0
p10253.htm#i102523,B34,1168,1214,M,2,21,262,3.0,7.0,45.0,18.0,27.0,344.0,,,
p58995.htm#i589946,B26,1102,1160,M,1,2,10,,,,1.0,4.0,9.0,,,
p11474.htm#i114740,B1,1110,1171,M,2,3,55,,,,3.0,5.0,70.0,,,
p4049.htm#i40484,B34,1086,1148,M,3,5,29,0.0,1.0,0.0,2.0,5.0,39.0,,,
p70422.htm#i704218,B34,1050,1104,M,4,8,79,5.0,4.0,28.0,5.0,3.0,19.0,2.0,4.0,27.0
p59444.htm#i594436,B0,1218,1285,M,2,4,143,5.0,6.0,130.0,5.0,6.0,98.0,11.0,7.0,204.0
p67334.htm#i673334,B16,1205,1263,M,2,2,31,3.0,2.0,33.0,1.0,2.0,23.0,6.0,2.0,43.0
p4205.htm#i42046,B1,1268,1308,M,4,3,87,2.0,2.0,7.0,3.0,3.0,12.0,,,
p4035.htm#i40344,B1,1243,1309,M,4,6,243,10.0,7.0,177.0,12.0,6.0,173.0,12.0,9.0,297.0
p11452.htm#i114519,B4,1281,1307,M,2,6,139,9.0,4.0,143.0,9.0,6.0,189.0,9.0,4.0,143.0
p508.htm#i5079,B34,1073,1106,M,2,12,98,3.0,10.0,66.0,6.0,11.0,109.0,5.0,7.0,32.0
p19832.htm#i198311,B26,1212,1268,M,2,1,19,,,,2.0,4.0,28.0,,,
p10249.htm#i102485,B26,1174,1234,M,9,11,146,2.0,4.0,33.0,4.0,4.0,40.0,2.0,4.0,33.0
p24827.htm#i248270,B4,1158,1222,M,2,8,154,5.0,8.0,106.0,5.0,9.0,169.0,7.0,8.0,124.0
p40592.htm#i405917,B36,1230,1291,M,3,6,63,4.0,4.0,51.0,5.0,4.0,38.0,,,
p11336.htm#i113356,B4,1261,1325,M,5,8,176,4.0,5.0,128.0,7.0,7.0,162.0,16.0,5.0,199.0
p61057.htm#i610564,B3,1223,1278,M,4,1,19,2.0,1.0,13.0,3.0,1.0,25.0,1.0,1.0,7.0
p10463.htm#i104623,B4,1180,1180,M,2,10,92,3.0,19.0,210.0,3.0,12.0,125.0,20.0,31.0,408.0
p22115.htm#i221143,B1,1278,1332,M,1,1,26,,,,2.0,1.0,41.0,,,
p468.htm#i4679,B26,1182,1244,M,4,6,97,3.0,5.0,55.0,3.0,1.0,8.0,3.0,7.0,105.0
p10697.htm#i106962,B3,1287,1330,M,13,20,245,8.0,13.0,103.0,9.0,11.0,122.0,7.0,12.0,129.0
p10462.htm#i104611,B26,1202,1256,M,3,4,59,,,,1.0,2.0,7.0,,,
p61056.htm#i610558,B3,1165,1221,M,4,3,38,2.0,3.0,29.0,4.0,3.0,38.0,2.0,1.0,17.0
p14554.htm#i145533,B1,1234,1246,M,2,3,57,4.0,4.0,96.0,5.0,3.0,43.0,11.0,6.0,206.0
p49170.htm#i491697,B38,1164,1222,M,7,1,20,2.0,1.0,13.0,2.0,1.0,18.0,1.0,1.0,6.0
p67336.htm#i673360,B11,1280,1292,M,2,7,57,7.0,8.0,87.0,2.0,7.0,43.0,4.0,8.0,63.0
p10475.htm#i104748,B34,1043,1109,M,9,14,188,5.0,10.0,102.0,4.0,5.0,45.0,5.0,9.0,106.0
p781.htm#i7806,B1,1158,1210,M,6,10,173,6.0,7.0,68.0,6.0,10.0,113.0,5.0,5.0,49.0
p10252.htm#i102511,B4,1121,1180,M,11,19,393,5.0,6.0,128.0,5.0,7.0,139.0,5.0,5.0,78.0
p10220.htm#i102199,B34,1154,1189,M,4,10,151,2.0,4.0,40.0,4.0,7.0,101.0,,,
p70904.htm#i709036,B4,1157,1215,M,2,6,77,5.0,8.0,104.0,3.0,6.0,61.0,8.0,9.0,189.0
p55669.htm#i556687,B26,1267,1329,M,3,3,52,,,,2.0,4.0,34.0,,,
p12006.htm#i120054,B44,1296,1356,M,7,8,67,3.0,3.0,41.0,3.0,3.0,45.0,9.0,4.0,49.0
p11415.htm#i114146,B1,1235,1290,M,11,6,176,5.0,9.0,148.0,5.0,6.0,108.0,7.0,16.0,309.0
p10252.htm#i102519,B34,1116,1183,M,7,18,229,4.0,13.0,92.0,4.0,16.0,179.0,3.0,5.0,47.0
p42850.htm#i428497,B11,1290,1311,M,3,7,69,11.0,8.0,96.0,5.0,9.0,65.0,4.0,8.0,70.0
p11481.htm#i114802,B1,1292,1322,M,3,2,29,3.0,1.0,23.0,3.0,1.0,39.0,2.0,1.0,13.0
p10458.htm#i104573,B4,1268,1284,M,2,4,115,5.0,14.0,228.0,4.0,7.0,112.0,12.0,25.0,456.0
p4150.htm#i41495,B1,1254,1312,M,8,5,255,4.0,4.0,61.0,6.0,5.0,110.0,1.0,4.0,20.0
p22389.htm#i223885,B27,1287,1362,M,4,4,23,3.0,1.0,8.0,4.0,1.0,10.0,1.0,1.0,7.0
p10773.htm#i107723,B26,1155,1215,M,1,3,25,,,,4.0,5.0,41.0,,,
p73110.htm#i731096,B34,1047,1110,M,4,3,22,1.0,2.0,7.0,3.0,3.0,10.0,,,
p3107.htm#i31067,B0,1109,1171,M,7,8,142,4.0,3.0,60.0,3.0,5.0,70.0,7.0,3.0,62.0
p10314.htm#i103134,B4,1293,1350,M,6,18,314,3.0,5.0,136.0,4.0,5.0,197.0,15.0,6.0,210.0
p11338.htm#i113373,B4,1285,1312,M,5,6,126,4.0,4.0,124.0,4.0,4.0,166.0,7.0,6.0,204.0
p10224.htm#i102232,B0,1275,1312,M,4,9,243,3.0,6.0,139.0,4.0,8.0,181.0,18.0,7.0,197.0
p4724.htm#i47238,B34,1289,1316,M,5,14,104,4.0,8.0,83.0,4.0,9.0,70.0,4.0,9.0,90.0
p17627.htm#i176268,B34,1081,1138,M,7,12,113,2.0,2.0,5.0,4.0,2.0,5.0,,,
p11464.htm#i114639,B1,1226,1279,M,3,2,75,3.0,2.0,40.0,4.0,2.0,83.0,1.0,1.0,12.0
p22081.htm#i220802,B1,1125,1170,M,1,3,57,,,,3.0,4.0,64.0,,,
p10681.htm#i106806,B34,1185,1249,M,12,17,236,3.0,7.0,25.0,3.0,7.0,27.0,2.0,7.0,30.0
p26748.htm#i267473,B26,1180,1210,M,1,1,14,,,,2.0,1.0,19.0,,,
p66330.htm#i663298,B0,1186,1245,M,3,6,63,3.0,5.0,33.0,3.0,7.0,84.0,2.0,4.0,10.0
p11412.htm#i114117,B1,1192,1215,M,2,4,41,,,,3.0,4.0,25.0,,,
p16859.htm#i168590,B3,1238,1283,M,4,8,58,4.0,7.0,42.0,7.0,11.0,99.0,,,
p44947.htm#i449461,B27,1282,1340,M,3,3,24,2.0,1.0,10.0,3.0,1.0,17.0,1.0,1.0,7.0
p4198.htm#i41975,B4,1209,1218,M,3,5,131,3.0,12.0,179.0,3.0,5.0,176.0,14.0,14.0,208.0
p11301.htm#i113007,B1,1156,1184,M,3,3,64,6.0,6.0,99.0,1.0,3.0,52.0,6.0,5.0,107.0
p791.htm#i7902,B1,1282,1359,M,4,7,143,3.0,4.0,37.0,5.0,7.0,221.0,,,
p11475.htm#i114743,B1,1110,1159,M,1,3,45,,,,3.0,5.0,70.0,,,
p10915.htm#i109145,B26,1179,1231,M,2,1,16,,,,2.0,2.0,11.0,,,
p11289.htm#i112881,B1,1272,1310,M,2,4,50,2.0,3.0,43.0,3.0,4.0,138.0,1.0,3.0,12.0
p54638.htm#i546376,B15,1181,1234,M,5,2,19,2.0,1.0,9.0,2.0,1.0,11.0,1.0,1.0,7.0
p4207.htm#i42069,B44,1247,1297,M,2,9,70,3.0,9.0,112.0,1.0,8.0,43.0,14.0,14.0,200.0
p4179.htm#i41782,B3,1215,1246,M,5,13,206,5.0,20.0,251.0,9.0,13.0,177.0,20.0,33.0,457.0
p67333.htm#i673329,B16,1128,1182,M,2,5,75,1.0,3.0,37.0,2.0,3.0,41.0,7.0,4.0,84.0
p10670.htm#i106692,B1,1060,1109,M,2,6,68,1.0,3.0,25.0,4.0,8.0,84.0,,,
p70430.htm#i704291,B34,1119,1140,M,2,7,94,4.0,6.0,104.0,4.0,6.0,122.0,8.0,7.0,141.0
p11527.htm#i115264,B4,1170,1205,M,2,4,102,4.0,5.0,131.0,5.0,4.0,133.0,10.0,5.0,149.0
p67328.htm#i673278,B11,1234,1278,M,4,3,51,9.0,3.0,63.0,1.0,3.0,39.0,4.0,5.0,68.0
p42850.htm#i428496,B11,1289,1324,M,2,14,88,8.0,8.0,93.0,2.0,9.0,62.0,4.0,8.0,67.0
p13045.htm#i130446,B3,1296,1352,M,2,15,148,4.0,8.0,116.0,5.0,11.0,170.0,6.0,7.0,98.0
p26747.htm#i267469,B26,1128,1182,M,4,2,39,1.0,1.0,16.0,2.0,3.0,29.0,,,
p11395.htm#i113947,B1,1125,1190,M,7,11,195,2.0,6.0,60.0,2.0,7.0,37.0,4.0,6.0,74.0
p32577.htm#i325761,B6,1264,1335,M,3,7,60,5.0,10.0,83.0,5.0,8.0,46.0,7.0,9.0,100.0
p70431.htm#i704310,B34,1105,1142,M,4,6,63,3.0,6.0,92.0,1.0,4.0,37.0,14.0,11.0,188.0
p10773.htm#i107725,B26,1138,1208,M,2,5,43,6.0,6.0,67.0,5.0,6.0,76.0,3.0,4.0,34.0
p48341.htm#i483407,B4,1176,1226,M,5,4,90,1.0,3.0,28.0,3.0,6.0,63.0,,,
p52904.htm#i529037,B26,1191,1248,M,2,6,81,4.0,5.0,64.0,4.0,1.0,14.0,3.0,7.0,113.0
p8.htm#i80,B26,1136,1198,M,5,4,53,1.0,2.0,25.0,4.0,4.0,52.0,,,
p57109.htm#i571084,B26,1275,1333,M,2,2,11,,,,2.0,1.0,10.0,,,
p58178.htm#i581772,B27,1195,1241,M,3,7,35,3.0,7.0,53.0,3.0,6.0,33.0,7.0,8.0,60.0
p61055.htm#i610549,B3,1165,1222,M,2,3,37,2.0,3.0,29.0,4.0,3.0,38.0,2.0,1.0,17.0
p11527.htm#i115263,B4,1142,1192,M,11,4,163,3.0,6.0,115.0,3.0,3.0,80.0,13.0,11.0,220.0
p40546.htm#i405459,B3,1281,1338,M,2,15,142,3.0,13.0,88.0,4.0,11.0,109.0,7.0,12.0,96.0
p64708.htm#i647080,B0,1167,1241,M,8,6,130,3.0,5.0,81.0,3.0,4.0,75.0,3.0,5.0,66.0
p904.htm#i9035,B1,1229,1263,M,9,8,170,5.0,4.0,60.0,5.0,4.0,54.0,3.0,3.0,40.0
p11410.htm#i114097,B1,1112,1155,M,2,4,75,3.0,5.0,108.0,5.0,7.0,114.0,7.0,7.0,102.0
p366.htm#i3651,B0,1175,1226,M,11,4,165,1.0,2.0,24.0,3.0,3.0,62.0,,,
p70910.htm#i709098,B44,1212,1271,M,4,2,37,3.0,4.0,39.0,1.0,2.0,21.0,6.0,5.0,81.0
p39263.htm#i392624,B26,1274,1332,M,2,1,5,,,,1.0,1.0,4.0,,,
p10679.htm#i106785,B4,1175,1243,M,4,14,192,3.0,9.0,132.0,5.0,7.0,88.0,8.0,9.0,237.0
p10792.htm#i107915,B26,1236,1296,M,5,4,56,3.0,4.0,47.0,2.0,4.0,29.0,4.0,6.0,76.0
p10311.htm#i103109,B4,1116,1131,M,2,6,92,4.0,6.0,124.0,4.0,7.0,136.0,5.0,5.0,75.0
p514.htm#i5137,B26,1272,1309,M,2,5,85,3.0,8.0,95.0,3.0,5.0,77.0,5.0,9.0,99.0
p71096.htm#i710952,B26,1162,1201,M,2,5,36,3.0,6.0,48.0,5.0,7.0,53.0,2.0,8.0,90.0
p47145.htm#i471444,B26,1292,1347,M,2,16,114,4.0,11.0,159.0,6.0,9.0,125.0,10.0,17.0,319.0
p49170.htm#i491694,B38,1134,1191,M,6,1,22,,,,2.0,1.0,16.0,,,
p70350.htm#i703498,B25,1230,1294,M,2,8,86,1.0,7.0,47.0,7.0,10.0,126.0,,,
p58969.htm#i589683,B0,1252,1304,M,3,3,90,4.0,2.0,81.0,4.0,2.0,104.0,7.0,1.0,103.0
p831.htm#i8304,B0,1284,1344,M,6,9,90,4.0,8.0,139.0,5.0,9.0,81.0,8.0,9.0,253.0
p66330.htm#i663292,B0,1047,1101,M,4,5,87,5.0,4.0,46.0,3.0,8.0,115.0,2.0,3.0,21.0
p10681.htm#i106804,B4,1152,1196,M,9,7,136,4.0,6.0,59.0,4.0,4.0,66.0,4.0,6.0,56.0
p746.htm#i7457,B1,1278,1307,M,2,4,123,3.0,4.0,100.0,10.0,10.0,267.0,1.0,1.0,43.0
p67319.htm#i673187,B16,1166,1199,M,2,2,38,3.0,1.0,17.0,3.0,1.0,24.0,2.0,1.0,16.0
p10457.htm#i104567,B4,1262,1312,M,13,12,255,3.0,13.0,208.0,2.0,6.0,97.0,12.0,25.0,429.0
p11335.htm#i113346,B4,1234,1275,M,2,5,158,4.0,5.0,161.0,7.0,6.0,167.0,11.0,6.0,206.0
p10674.htm#i106738,B34,1100,1160,M,9,16,268,3.0,2.0,17.0,3.0,2.0,15.0,2.0,2.0,15.0
p10780.htm#i107799,B26,1183,1243,M,1,14,138,,,,8.0,15.0,173.0,,,
p10204.htm#i102035,B34,1090,1147,M,12,17,269,1.0,1.0,1.0,5.0,12.0,165.0,1.0,1.0,1.0
p11477.htm#i114762,B1,1219,1255,M,2,1,49,4.0,1.0,34.0,5.0,3.0,43.0,3.0,2.0,44.0
p11386.htm#i113854,B1,1299,1327,M,3,10,156,11.0,5.0,205.0,11.0,5.0,209.0,3.0,5.0,151.0
p11406.htm#i114054,B1,1184,1258,M,2,3,66,3.0,4.0,80.0,3.0,6.0,118.0,10.0,6.0,146.0
p4249.htm#i42485,B0,1285,1337,M,2,7,68,5.0,5.0,62.0,6.0,6.0,110.0,1.0,3.0,23.0
p452.htm#i4515,B4,1215,1248,M,4,7,83,5.0,6.0,49.0,5.0,9.0,93.0,1.0,4.0,20.0
p15169.htm#i151688,B36,1255,1316,M,5,10,100,2.0,3.0,24.0,3.0,6.0,42.0,2.0,2.0,17.0
p53184.htm#i531840,B0,1209,1253,M,4,7,169,7.0,10.0,199.0,9.0,7.0,187.0,5.0,13.0,252.0
p60994.htm#i609937,B3,1276,1340,M,4,3,31,5.0,2.0,24.0,6.0,3.0,44.0,1.0,1.0,9.0
p54620.htm#i546200,B15,1108,1174,M,2,1,13,,,,1.0,1.0,4.0,,,
p72886.htm#i728854,B4,1251,1259,M,1,6,42,,,,9.0,8.0,99.0,,,
p39262.htm#i392620,B26,1185,1242,M,2,1,6,,,,1.0,1.0,7.0,,,
p19832.htm#i198312,B26,1247,1312,M,3,1,25,,,,1.0,1.0,16.0,,,
p35874.htm#i358733,B25,1288,1324,M,3,7,83,4.0,10.0,110.0,3.0,6.0,79.0,10.0,13.0,156.0
p30067.htm#i300663,B38,1140,1200,M,4,1,24,3.0,1.0,20.0,4.0,1.0,28.0,2.0,1.0,14.0
p16084.htm#i160837,B25,1168,1227,M,3,4,38,3.0,4.0,28.0,4.0,4.0,51.0,1.0,2.0,17.0
p10786.htm#i107858,B26,1278,1326,M,6,8,128,5.0,5.0,100.0,4.0,4.0,88.0,8.0,6.0,119.0
p10205.htm#i102041,B4,1126,1135,M,2,9,105,3.0,10.0,127.0,4.0,9.0,154.0,4.0,9.0,124.0
p58176.htm#i581754,B27,1104,1156,M,2,6,59,3.0,9.0,75.0,3.0,7.0,48.0,5.0,12.0,105.0
p15182.htm#i151818,B3,1271,1310,M,6,9,67,4.0,5.0,38.0,3.0,10.0,94.0,1.0,4.0,14.0
p11362.htm#i113615,B4,1250,1270,M,3,5,159,8.0,8.0,148.0,8.0,6.0,184.0,7.0,10.0,175.0
p26680.htm#i266791,B25,1154,1218,M,2,4,68,,,,10.0,6.0,82.0,,,
p11378.htm#i113775,B4,1230,1269,M,5,5,144,,,,4.0,6.0,79.0,,,
p4295.htm#i42943,B0,1280,1337,M,7,10,185,4.0,4.0,136.0,6.0,4.0,119.0,6.0,4.0,204.0
p4097.htm#i40964,B1,1208,1262,M,2,2,105,4.0,2.0,71.0,5.0,4.0,90.0,7.0,3.0,113.0
p4150.htm#i41494,B1,1253,1272,M,2,5,92,3.0,4.0,59.0,5.0,5.0,106.0,1.0,4.0,19.0
p70420.htm#i704197,B34,1060,1114,M,4,3,75,2.0,3.0,55.0,3.0,7.0,109.0,4.0,2.0,28.0
p30065.htm#i300647,B38,1118,1218,M,2,2,22,,,,4.0,1.0,19.0,,,
p15170.htm#i151700,B3,1232,1292,M,4,10,110,4.0,11.0,115.0,4.0,10.0,84.0,11.0,14.0,218.0
p4256.htm#i42553,B0,1113,1154,M,2,7,103,0.0,1.0,0.0,2.0,4.0,66.0,,,
p44933.htm#i449328,B27,1282,1342,M,7,9,34,2.0,1.0,10.0,3.0,1.0,17.0,1.0,1.0,7.0
p4185.htm#i41841,B0,1266,1298,M,3,5,145,3.0,7.0,186.0,4.0,5.0,193.0,12.0,10.0,299.0
p42667.htm#i426665,B12,1225,1282,M,3,2,30,,,,2.0,2.0,19.0,,,
p550.htm#i5494,B34,1180,1241,M,4,7,58,5.0,11.0,70.0,1.0,6.0,32.0,4.0,9.0,82.0
p10252.htm#i102512,B34,1119,1147,M,4,12,130,10.0,10.0,140.0,5.0,10.0,63.0,4.0,12.0,161.0
p10778.htm#i107771,B0,1140,1190,M,9,11,144,3.0,2.0,27.0,3.0,2.0,55.0,4.0,2.0,34.0
p49171.htm#i491704,B34,1154,1199,M,3,3,25,3.0,3.0,21.0,3.0,7.0,47.0,2.0,1.0,10.0
p10254.htm#i102532,B34,1222,1262,M,9,13,237,5.0,14.0,188.0,4.0,10.0,134.0,12.0,11.0,176.0
p10768.htm#i107675,B26,1089,1149,M,3,3,27,1.0,8.0,32.0,0.0,1.0,0.0,10.0,10.0,79.0
p10680.htm#i106792,B1,1163,1202,M,3,7,139,3.0,1.0,86.0,3.0,4.0,87.0,2.0,1.0,73.0
p64902.htm#i649011,B0,1292,1359,M,5,6,100,4.0,5.0,152.0,3.0,3.0,79.0,14.0,6.0,285.0
p57375.htm#i573750,B38,1296,1349,M,2,12,92,3.0,12.0,103.0,3.0,11.0,110.0,7.0,12.0,136.0
p12002.htm#i120017,B34,1221,1270,M,5,7,75,3.0,4.0,44.0,3.0,4.0,53.0,7.0,7.0,96.0
p10680.htm#i106799,B4,1205,1276,M,14,8,283,2.0,3.0,36.0,3.0,5.0,90.0,1.0,2.0,13.0
p4247.htm#i42463,B0,1263,1312,M,9,6,151,8.0,7.0,116.0,9.0,6.0,136.0,9.0,8.0,169.0
p10792.htm#i107919,B26,1242,1308,M,5,6,80,2.0,1.0,23.0,3.0,2.0,57.0,1.0,1.0,8.0
p10248.htm#i102479,B26,1152,1219,M,15,19,277,10.0,15.0,159.0,10.0,14.0,162.0,7.0,14.0,140.0
p10487.htm#i104867,B34,1164,1201,M,2,10,115,,,,2.0,16.0,138.0,,,
p11362.htm#i113619,B4,1297,1346,M,5,14,257,6.0,7.0,190.0,8.0,7.0,254.0,17.0,8.0,245.0
p11425.htm#i114246,B4,1057,1102,M,5,4,78,1.0,4.0,30.0,3.0,7.0,80.0,,,
p360.htm#i3595,B12,1218,1257,M,7,6,104,4.0,4.0,104.0,1.0,4.0,29.0,5.0,9.0,188.0
p53225.htm#i532246,B0,1198,1258,M,5,2,46,3.0,1.0,35.0,4.0,3.0,68.0,1.0,1.0,16.0
p903.htm#i9021,B1,1196,1234,M,2,6,43,3.0,5.0,49.0,3.0,7.0,86.0,4.0,3.0,86.0
p4293.htm#i42926,B0,1255,1308,M,9,6,193,3.0,3.0,94.0,3.0,6.0,120.0,5.0,2.0,90.0
p847.htm#i8462,B1,1207,1210,M,2,4,103,7.0,7.0,193.0,5.0,10.0,169.0,12.0,4.0,229.0
p10216.htm#i102156,B26,1078,1124,M,4,15,169,7.0,6.0,73.0,11.0,7.0,82.0,6.0,7.0,90.0
p11431.htm#i114304,B4,1207,1248,M,3,6,113,3.0,12.0,171.0,3.0,6.0,119.0,14.0,14.0,201.0
p4205.htm#i42050,B4,1258,1265,M,2,6,115,8.0,9.0,180.0,9.0,7.0,227.0,7.0,11.0,221.0
p11333.htm#i113329,B4,1150,1181,M,2,4,57,3.0,6.0,58.0,3.0,4.0,64.0,4.0,6.0,55.0
p30067.htm#i300664,B38,1170,1253,M,2,1,37,,,,2.0,1.0,21.0,,,
p49177.htm#i491764,B26,1267,1328,M,3,3,39,2.0,7.0,70.0,2.0,3.0,25.0,6.0,11.0,156.0
p4244.htm#i42439,B0,1085,1139,M,9,6,96,1.0,2.0,30.0,4.0,4.0,58.0,,,
p67317.htm#i673165,B11,1138,1198,M,2,4,40,3.0,6.0,66.0,2.0,2.0,19.0,3.0,5.0,60.0
p4250.htm#i42497,B0,1259,1299,M,2,6,97,5.0,7.0,100.0,6.0,5.0,119.0,9.0,8.0,154.0
p3717.htm#i37164,B1,1283,1315,M,3,3,86,3.0,4.0,129.0,3.0,7.0,152.0,8.0,6.0,215.0
p60457.htm#i604570,B0,1245,1288,M,4,8,119,4.0,7.0,96.0,4.0,5.0,124.0,2.0,6.0,62.0
p742.htm#i7411,B1,1256,1282,M,4,9,146,3.0,14.0,250.0,4.0,7.0,152.0,13.0,16.0,357.0
p4033.htm#i40325,B0,1095,1142,M,4,8,111,3.0,2.0,37.0,3.0,4.0,54.0,2.0,2.0,28.0
p11460.htm#i114593,B1,1118,1166,M,2,3,91,3.0,1.0,49.0,7.0,3.0,95.0,1.0,1.0,23.0
p923.htm#i9221,B34,1276,1340,M,5,19,138,4.0,11.0,61.0,4.0,7.0,73.0,5.0,10.0,65.0
p10223.htm#i102230,B34,1243,1295,M,10,13,294,4.0,5.0,106.0,5.0,10.0,185.0,7.0,5.0,98.0
p10311.htm#i103107,B34,1126,1166,M,7,7,138,7.0,7.0,116.0,8.0,7.0,140.0,8.0,8.0,153.0
p67331.htm#i673310,B16,1061,1117,M,2,3,35,5.0,2.0,29.0,4.0,2.0,24.0,10.0,1.0,39.0
p4282.htm#i42817,B1,1262,1267,M,2,4,75,3.0,6.0,161.0,3.0,4.0,91.0,9.0,8.0,231.0
p19081.htm#i190801,B34,1212,1258,M,2,10,81,4.0,11.0,100.0,4.0,12.0,74.0,7.0,10.0,141.0
p4252.htm#i42519,B0,1200,1260,M,2,3,92,6.0,4.0,85.0,6.0,3.0,119.0,5.0,4.0,117.0
p60993.htm#i609924,B3,1203,1265,M,4,4,50,2.0,4.0,54.0,3.0,4.0,18.0,4.0,6.0,113.0
p10486.htm#i104859,B34,1152,1212,M,2,21,274,2.0,1.0,22.0,3.0,21.0,234.0,8.0,1.0,28.0
p51069.htm#i510681,B26,1262,1322,M,2,4,64,4.0,4.0,98.0,3.0,3.0,49.0,4.0,5.0,98.0
p56019.htm#i560187,B26,1175,1235,M,3,1,38,2.0,1.0,16.0,4.0,2.0,27.0,,,
p67304.htm#i673032,B16,1280,1352,M,3,3,25,1.0,2.0,8.0,2.0,2.0,13.0,,,
p67273.htm#i672722,B16,1170,1218,M,2,2,46,4.0,1.0,18.0,4.0,1.0,25.0,2.0,1.0,17.0
p11301.htm#i113003,B1,1089,1122,M,3,3,43,,,,3.0,2.0,48.0,,,
p11697.htm#i116966,B3,1151,1211,M,2,1,11,,,,2.0,1.0,10.0,,,
p65590.htm#i655894,B25,1268,1328,M,2,6,82,3.0,7.0,118.0,3.0,6.0,69.0,7.0,7.0,177.0
p53225.htm#i532241,B0,1164,1224,M,2,3,74,3.0,3.0,36.0,4.0,6.0,75.0,4.0,3.0,26.0
p10474.htm#i104740,B34,1081,1100,M,1,5,68,,,,4.0,9.0,117.0,,,
p70430.htm#i704297,B34,1154,1194,M,2,5,52,,,,4.0,7.0,101.0,,,
p70903.htm#i709022,B4,1098,1146,M,5,5,41,1.0,3.0,11.0,3.0,4.0,26.0,,,
p10681.htm#i106807,B27,1104,1168,M,6,13,188,4.0,8.0,65.0,3.0,6.0,38.0,4.0,10.0,135.0
p22150.htm#i221491,B0,1080,1150,M,4,4,41,2.0,2.0,20.0,4.0,2.0,46.0,,,
p11999.htm#i119990,B44,1128,1158,M,2,4,30,1.0,3.0,19.0,3.0,3.0,28.0,,,
p11397.htm#i113968,B1,1224,1290,M,4,7,202,12.0,6.0,150.0,3.0,4.0,73.0,7.0,4.0,161.0
p45043.htm#i450424,B26,1150,1210,M,3,1,9,,,,0.0,1.0,0.0,,,
p4175.htm#i41750,B4,1239,1265,M,2,12,178,5.0,22.0,325.0,4.0,13.0,169.0,22.0,34.0,580.0
p11302.htm#i113019,B1,1147,1163,M,1,3,46,,,,4.0,3.0,54.0,,,
p10548.htm#i105480,B1,1211,1258,M,2,6,161,3.0,6.0,141.0,7.0,9.0,215.0,9.0,7.0,166.0
p53224.htm#i532238,B0,1058,1128,M,2,6,69,3.0,3.0,27.0,4.0,4.0,62.0,1.0,2.0,10.0
p40494.htm#i404933,B3,1100,1172,M,4,9,101,3.0,1.0,8.0,4.0,1.0,10.0,1.0,1.0,7.0
p67317.htm#i673164,B11,1138,1198,M,2,4,40,3.0,6.0,66.0,2.0,2.0,19.0,3.0,5.0,60.0
p11303.htm#i113027,B1,1162,1200,M,3,1,43,1.0,1.0,32.0,3.0,3.0,50.0,,,
p462.htm#i4617,B34,1115,1173,M,5,7,111,4.0,6.0,79.0,4.0,8.0,82.0,5.0,6.0,78.0
p453.htm#i4529,B34,1130,1189,M,5,15,231,2.0,16.0,228.0,4.0,13.0,154.0,29.0,23.0,394.0
p11209.htm#i112085,B0,1240,1288,M,5,8,130,3.0,6.0,90.0,3.0,4.0,117.0,2.0,5.0,58.0
p922.htm#i9215,B0,1300,1351,M,13,24,196,3.0,11.0,76.0,3.0,11.0,101.0,8.0,12.0,95.0
p46549.htm#i465488,B34,1209,1268,M,2,5,49,1.0,3.0,22.0,3.0,6.0,73.0,,,
p11460.htm#i114596,B1,1106,1167,M,4,5,114,6.0,5.0,64.0,7.0,7.0,93.0,6.0,5.0,63.0
p15193.htm#i151923,B16,1286,1335,M,1,3,30,,,,2.0,4.0,43.0,,,
p10670.htm#i106694,B1,1060,1114,M,2,6,75,1.0,3.0,25.0,4.0,8.0,84.0,,,
p4282.htm#i42816,B1,1261,1261,M,2,5,57,4.0,5.0,99.0,3.0,5.0,73.0,9.0,5.0,139.0
p47729.htm#i477290,B27,1271,1324,M,3,10,104,,,,3.0,10.0,134.0,,,
p46409.htm#i464081,B34,1161,1213,M,2,6,35,3.0,7.0,83.0,1.0,5.0,27.0,6.0,14.0,176.0
p10250.htm#i102491,B34,1278,1365,M,2,9,83,4.0,14.0,204.0,4.0,11.0,118.0,8.0,18.0,325.0
p11394.htm#i113931,B1,1120,1168,M,2,6,158,12.0,8.0,115.0,9.0,7.0,85.0,4.0,8.0,148.0
p773.htm#i7723,B1,1300,1369,M,7,11,225,7.0,4.0,173.0,7.0,4.0,190.0,13.0,6.0,230.0
p32576.htm#i325759,B6,1263,1298,M,3,7,63,4.0,10.0,80.0,3.0,8.0,42.0,7.0,9.0,97.0
p16403.htm#i164027,B1,1296,1309,M,2,3,84,4.0,6.0,130.0,3.0,3.0,73.0,17.0,8.0,243.0
p11378.htm#i113772,B4,1231,1268,M,4,6,118,5.0,7.0,96.0,7.0,7.0,115.0,6.0,9.0,116.0
p46548.htm#i465474,B34,1127,1190,M,2,13,156,2.0,16.0,205.0,3.0,13.0,122.0,29.0,22.0,382.0
p11404.htm#i114040,B1,1200,1247,M,4,4,174,5.0,3.0,67.0,6.0,3.0,100.0,6.0,2.0,52.0
p4271.htm#i42709,B34,1230,1258,M,5,7,85,6.0,7.0,136.0,6.0,5.0,85.0,3.0,8.0,121.0
p11885.htm#i118846,B38,1272,1320,M,2,4,32,3.0,7.0,63.0,2.0,3.0,22.0,5.0,10.0,77.0
p4218.htm#i42175,B27,1166,1204,M,2,8,97,3.0,13.0,162.0,3.0,9.0,134.0,10.0,16.0,287.0
p11476.htm#i114751,B1,1218,1269,M,1,1,30,,,,2.0,3.0,36.0,,,
p4186.htm#i41856,B1,1256,1304,M,2,3,86,3.0,7.0,117.0,1.0,3.0,38.0,12.0,9.0,260.0
p4180.htm#i41798,B16,1262,1332,M,2,4,57,5.0,4.0,28.0,6.0,6.0,65.0,1.0,2.0,15.0
p41834.htm#i418339,B25,1256,1316,M,4,2,16,2.0,2.0,11.0,2.0,4.0,23.0,1.0,1.0,4.0
p10544.htm#i105440,B1,1096,1131,M,5,7,80,5.0,5.0,52.0,6.0,6.0,94.0,1.0,2.0,24.0
p417.htm#i4169,B26,1172,1250,M,2,2,27,,,,1.0,4.0,37.0,,,
p10550.htm#i105497,B1,1250,1300,M,2,3,105,3.0,3.0,67.0,4.0,6.0,147.0,1.0,2.0,19.0
p36888.htm#i368873,B36,1231,1290,M,2,8,66,3.0,5.0,34.0,4.0,8.0,64.0,2.0,3.0,16.0
p26758.htm#i267572,B25,1281,1336,M,2,1,5,,,,1.0,1.0,10.0,,,
p466.htm#i4659,B151,1274,1348,M,4,4,38,1.0,1.0,1.0,2.0,2.0,25.0,1.0,1.0,1.0
p10085.htm#i100845,B4,1279,1341,M,6,13,215,3.0,5.0,102.0,3.0,5.0,153.0,4.0,6.0,144.0
p59219.htm#i592184,B0,1300,1334,M,4,6,88,3.0,2.0,53.0,3.0,2.0,61.0,5.0,3.0,89.0
p10774.htm#i107734,B34,1142,1209,M,4,8,109,2.0,2.0,24.0,3.0,3.0,43.0,2.0,2.0,10.0
p64794.htm#i647935,B34,1279,1338,M,2,11,100,6.0,12.0,69.0,6.0,8.0,82.0,5.0,11.0,71.0
p11289.htm#i112882,B1,1274,1312,M,4,4,84,3.0,3.0,44.0,4.0,4.0,139.0,1.0,3.0,13.0
p33518.htm#i335174,B25,1145,1205,M,2,4,67,4.0,4.0,37.0,4.0,6.0,73.0,2.0,4.0,16.0
p487.htm#i4866,B27,1194,1264,M,9,14,262,3.0,5.0,61.0,4.0,5.0,44.0,6.0,9.0,117.0
p4179.htm#i41786,B16,1249,1268,M,2,5,92,5.0,6.0,167.0,3.0,6.0,103.0,4.0,5.0,165.0
p41019.htm#i410184,B34,1198,1258,M,4,10,52,1.0,6.0,14.0,3.0,7.0,35.0,,,
p4282.htm#i42818,B1,1264,1264,M,2,4,75,4.0,6.0,163.0,4.0,4.0,93.0,9.0,8.0,233.0
p740.htm#i7395,B1,1293,1315,M,3,5,162,3.0,6.0,154.0,4.0,8.0,172.0,8.0,6.0,247.0
p56808.htm#i568079,B3,1284,1339,M,3,3,16,,,,2.0,1.0,11.0,,,
p1963.htm#i19623,B26,1291,1319,M,3,5,37,3.0,2.0,24.0,4.0,4.0,33.0,4.0,2.0,20.0
p1961.htm#i19609,B26,1197,1242,M,6,4,31,4.0,3.0,21.0,3.0,3.0,23.0,4.0,3.0,23.0
p357.htm#i3562,B34,1252,1286,M,5,15,203,4.0,17.0,264.0,4.0,15.0,258.0,12.0,17.0,240.0
p453.htm#i4522,B4,1100,1171,M,5,3,48,,,,1.0,2.0,9.0,,,
p930.htm#i9300,B36,1210,1263,M,7,8,108,5.0,2.0,34.0,5.0,3.0,59.0,2.0,2.0,21.0
p363.htm#i3630,B1,1238,1299,M,10,4,181,3.0,5.0,134.0,3.0,5.0,114.0,7.0,8.0,207.0
p44942.htm#i449414,B27,1210,1270,M,5,2,34,2.0,2.0,20.0,3.0,3.0,45.0,1.0,1.0,9.0
p60229.htm#i602287,B3,1239,1299,M,2,1,6,,,,1.0,1.0,5.0,,,
p11428.htm#i114274,B1,1167,1200,M,4,4,94,4.0,4.0,76.0,6.0,5.0,140.0,2.0,4.0,51.0
p365.htm#i3646,B0,1172,1205,M,5,9,183,6.0,11.0,199.0,5.0,7.0,138.0,11.0,12.0,267.0
p368.htm#i3674,B4,1201,1253,M,9,7,139,2.0,7.0,63.0,1.0,5.0,91.0,6.0,8.0,105.0
p60459.htm#i604583,B0,1275,1355,M,4,4,60,1.0,3.0,38.0,3.0,8.0,105.0,,,
p10283.htm#i102823,B25,1143,1203,M,1,5,50,,,,5.0,8.0,75.0,,,
p10260.htm#i102595,B3,1135,1195,M,4,5,54,3.0,3.0,24.0,7.0,4.0,33.0,1.0,2.0,18.0
p11529.htm#i115284,B4,1102,1143,M,1,3,50,,,,4.0,4.0,77.0,,,
p11299.htm#i112984,B1,1073,1103,M,7,3,65,0.0,1.0,0.0,3.0,5.0,62.0,,,
p4047.htm#i40470,B34,1116,1170,M,3,10,93,3.0,8.0,89.0,3.0,7.0,38.0,8.0,11.0,173.0
p10193.htm#i101927,B34,1245,1296,M,8,17,382,6.0,17.0,212.0,6.0,25.0,341.0,7.0,10.0,160.0
p49171.htm#i491701,B38,1214,1274,M,4,1,24,,,,2.0,1.0,16.0,,,
p11461.htm#i114601,B1,1105,1180,M,3,3,85,,,,2.0,2.0,44.0,,,
p11303.htm#i113029,B1,1174,1204,M,4,1,45,2.0,1.0,34.0,4.0,3.0,53.0,,,
p11395.htm#i113948,B1,1184,1225,M,2,7,134,4.0,8.0,135.0,5.0,6.0,128.0,7.0,11.0,174.0
p10678.htm#i106774,B4,1126,1178,M,2,9,111,1.0,5.0,23.0,4.0,9.0,154.0,,,
p11410.htm#i114092,B1,1101,1131,M,3,8,79,3.0,8.0,112.0,4.0,7.0,94.0,14.0,11.0,184.0
p13744.htm#i137439,B112,1247,1284,M,5,9,77,3.0,9.0,121.0,3.0,8.0,62.0,14.0,14.0,200.0
p56907.htm#i569067,B0,1265,1336,M,4,3,46,3.0,1.0,32.0,3.0,1.0,64.0,2.0,1.0,12.0
p11330.htm#i113295,B4,1071,1127,M,6,12,168,3.0,11.0,125.0,4.0,8.0,91.0,10.0,12.0,214.0
p10459.htm#i104589,B4,1243,1288,M,5,12,183,9.0,23.0,341.0,8.0,13.0,181.0,22.0,35.0,602.0
p66755.htm#i667541,B15,1214,1291,M,3,2,22,3.0,2.0,15.0,4.0,2.0,18.0,1.0,2.0,10.0
p26680.htm#i266797,B25,1294,1352,M,3,2,10,,,,1.0,1.0,6.0,,,
p22388.htm#i223880,B27,1259,1315,M,2,1,22,,,,2.0,2.0,25.0,,,
p10242.htm#i102414,B34,1075,1137,M,3,6,101,,,,,,,,,
p4190.htm#i41897,B4,1260,1262,M,2,5,89,3.0,5.0,126.0,6.0,7.0,161.0,16.0,5.0,194.0
p33374.htm#i333733,B25,1260,1315,M,2,3,24,,,,2.0,5.0,64.0,,,
p64201.htm#i642010,B36,1255,1316,M,2,6,64,2.0,3.0,24.0,3.0,6.0,42.0,2.0,2.0,17.0
p4790.htm#i47894,B36,1204,1264,M,3,9,88,4.0,12.0,111.0,3.0,8.0,55.0,12.0,16.0,223.0
p16225.htm#i162243,B34,1118,1148,M,4,7,140,3.0,6.0,103.0,3.0,6.0,121.0,8.0,7.0,140.0
p10192.htm#i101911,B34,1273,1284,M,2,7,182,10.0,8.0,238.0,10.0,13.0,314.0,17.0,10.0,300.0
p810.htm#i8093,B1,1284,1341,M,2,11,171,5.0,8.0,186.0,5.0,5.0,191.0,11.0,10.0,211.0
p60449.htm#i604486,B0,1195,1246,M,5,4,152,3.0,3.0,123.0,4.0,4.0,98.0,12.0,5.0,178.0
p15563.htm#i155621,B25,1197,1253,M,2,4,53,3.0,4.0,36.0,3.0,4.0,62.0,3.0,2.0,24.0
p66755.htm#i667548,B15,1275,1335,M,1,2,17,,,,2.0,2.0,16.0,,,
p10462.htm#i104619,B34,1181,1181,M,2,10,110,4.0,19.0,238.0,3.0,10.0,134.0,20.0,31.0,412.0
p60445.htm#i604445,B0,1070,1138,M,3,2,94,4.0,2.0,68.0,5.0,6.0,125.0,,,
p31424.htm#i314233,B27,1114,1140,M,2,4,26,2.0,4.0,19.0,3.0,7.0,59.0,1.0,2.0,7.0
p11860.htm#i118593,B27,1239,1297,M,3,4,47,3.0,3.0,36.0,3.0,2.0,23.0,3.0,3.0,38.0
p10193.htm#i101928,B34,1247,1256,M,2,13,185,7.0,17.0,220.0,7.0,25.0,354.0,7.0,10.0,165.0
p11426.htm#i114259,B1,1137,1150,M,2,3,66,3.0,3.0,58.0,3.0,6.0,97.0,4.0,3.0,43.0
p536.htm#i5354,B1,1257,1323,M,7,10,233,4.0,14.0,252.0,5.0,7.0,153.0,13.0,16.0,359.0
p746.htm#i7452,B1,1273,1316,M,4,5,135,2.0,4.0,92.0,9.0,10.0,258.0,1.0,1.0,39.0
p360.htm#i3600,B4,1272,1337,M,7,9,225,7.0,6.0,172.0,7.0,7.0,205.0,4.0,6.0,203.0
p15193.htm#i151922,B16,1273,1348,M,3,3,35,,,,2.0,4.0,35.0,,,
p10282.htm#i102811,solo_PL6672,1222,1275,M,3,4,18,2.0,7.0,29.0,0.0,1.0,0.0,2.0,7.0,28.0
p473.htm#i4723,B0,1287,1347,M,6,9,56,3.0,6.0,37.0,6.0,9.0,82.0,1.0,4.0,17.0
p61057.htm#i610567,B3,1252,1307,M,4,1,18,2.0,1.0,10.0,3.0,1.0,16.0,1.0,1.0,7.0
p61057.htm#i610561,B3,1194,1249,M,4,1,28,2.0,1.0,22.0,3.0,3.0,35.0,1.0,1.0,10.0
p15881.htm#i158806,B25,1220,1280,M,3,4,65,,,,2.0,4.0,68.0,,,
p11577.htm#i115765,B25,1146,1223,M,2,4,58,6.0,6.0,78.0,5.0,4.0,42.0,2.0,4.0,42.0
p44926.htm#i449256,B0,1275,1315,M,4,7,80,0.0,1.0,0.0,4.0,6.0,142.0,,,
p4094.htm#i40939,B1,1258,1324,M,4,3,147,5.0,4.0,163.0,5.0,3.0,132.0,7.0,6.0,218.0
p4051.htm#i40502,B26,1292,1352,M,5,12,107,5.0,7.0,86.0,4.0,5.0,60.0,6.0,10.0,136.0
p15013.htm#i150129,B15,1052,1121,M,3,1,10,,,,1.0,1.0,11.0,,,
p11406.htm#i114057,B1,1109,1158,M,2,6,143,8.0,5.0,79.0,5.0,4.0,49.0,4.0,7.0,126.0
p747.htm#i7467,B1,1204,1259,M,2,5,145,5.0,4.0,85.0,4.0,7.0,131.0,7.0,3.0,104.0
p11330.htm#i113291,B4,1113,1162,M,7,4,83,5.0,3.0,42.0,5.0,7.0,68.0,3.0,3.0,20.0
p536.htm#i5355,B1,1236,1279,M,11,7,291,10.0,7.0,154.0,10.0,8.0,182.0,7.0,7.0,140.0
p903.htm#i9030,B1,1240,1302,M,2,5,34,7.0,5.0,17.0,7.0,7.0,50.0,2.0,3.0,12.0
p62.htm#i616,B3,1127,1155,M,2,3,20,8.0,4.0,27.0,7.0,3.0,19.0,1.0,3.0,17.0
p32838.htm#i328374,B34,1279,1335,M,4,7,91,,,,4.0,14.0,210.0,,,
p24434.htm#i244337,B6,1227,1271,M,7,8,112,3.0,8.0,68.0,3.0,6.0,44.0,8.0,9.0,117.0
p10686.htm#i106854,B4,1228,1274,M,5,8,156,3.0,4.0,43.0,5.0,7.0,72.0,5.0,5.0,48.0
p4246.htm#i42456,B0,1196,1220,M,3,3,72,4.0,4.0,80.0,4.0,3.0,114.0,5.0,4.0,112.0
p775.htm#i7747,B1,1294,1359,M,2,4,148,4.0,5.0,148.0,4.0,4.0,192.0,6.0,5.0,148.0
p11386.htm#i113851,B1,1298,1358,M,9,20,227,10.0,5.0,197.0,10.0,5.0,200.0,3.0,5.0,145.0
p19903.htm#i199029,B139,1248,1297,M,3,4,42,2.0,4.0,35.0,3.0,6.0,75.0,1.0,4.0,16.0
p11479.htm#i114788,B1,1219,1233,M,2,1,39,4.0,1.0,34.0,5.0,3.0,43.0,3.0,2.0,44.0
p15150.htm#i151498,B0,1235,1272,M,5,7,88,7.0,5.0,40.0,13.0,8.0,79.0,2.0,3.0,27.0
p54638.htm#i546373,B15,1158,1239,M,1,1,18,,,,3.0,1.0,8.0,,,
p11299.htm#i112988,B1,1096,1136,M,8,4,60,,,,5.0,3.0,61.0,,,
p24827.htm#i248269,B4,1244,1395,M,2,5,59,5.0,5.0,95.0,3.0,5.0,96.0,3.0,5.0,73.0
p40549.htm#i405487,B27,1094,1154,M,2,4,17,3.0,5.0,16.0,5.0,5.0,16.0,,,
p11466.htm#i114651,B1,1224,1262,M,3,1,53,4.0,1.0,33.0,5.0,1.0,74.0,1.0,1.0,15.0
p932.htm#i9313,B4,1203,1268,M,4,5,114,4.0,5.0,40.0,5.0,5.0,87.0,1.0,4.0,15.0
p22080.htm#i220799,B1,1086,1147,M,1,1,14,,,,1.0,4.0,40.0,,,
p86.htm#i856,B26,1242,1278,M,2,5,37,3.0,4.0,23.0,4.0,4.0,30.0,1.0,4.0,14.0
p35347.htm#i353461,B34,1159,1195,M,2,6,96,7.0,14.0,185.0,6.0,6.0,89.0,10.0,14.0,199.0
p375.htm#i3747,B4,1136,1189,M,6,10,190,4.0,5.0,89.0,4.0,5.0,100.0,3.0,5.0,63.0
p17620.htm#i176195,B36,1204,1264,M,6,11,104,4.0,12.0,111.0,3.0,8.0,55.0,12.0,16.0,223.0
p42842.htm#i428420,B11,1289,1322,M,3,12,86,8.0,8.0,93.0,2.0,9.0,62.0,4.0,8.0,67.0
p10201.htm#i102006,B34,1167,1216,M,22,33,490,13.0,24.0,266.0,17.0,27.0,342.0,4.0,19.0,185.0
p58969.htm#i589687,B0,1255,1308,M,12,4,136,3.0,1.0,55.0,6.0,3.0,107.0,,,
p27440.htm#i274397,B25,1280,1359,M,3,1,26,,,,1.0,1.0,1.0,,,
p4808.htm#i48079,B3,1251,1304,M,10,13,168,4.0,8.0,126.0,4.0,10.0,117.0,8.0,11.0,169.0
p10550.htm#i105492,B1,1247,1257,M,2,4,129,6.0,5.0,146.0,5.0,6.0,190.0,7.0,5.0,117.0
p54639.htm#i546382,B15,1240,1295,M,5,2,19,3.0,2.0,14.0,3.0,2.0,17.0,1.0,2.0,11.0
p60449.htm#i604484,B0,1145,1200,M,2,1,31,1.0,1.0,27.0,3.0,2.0,61.0,,,
p32495.htm#i324945,B34,1154,1205,M,2,6,96,5.0,14.0,181.0,4.0,6.0,87.0,10.0,14.0,195.0
p11461.htm#i114602,B1,1156,1194,M,5,2,115,5.0,3.0,114.0,8.0,3.0,126.0,7.0,5.0,116.0
p10670.htm#i106696,B1,1058,1125,M,7,7,110,2.0,4.0,47.0,3.0,7.0,78.0,2.0,3.0,25.0
p18981.htm#i189801,B25,1297,1357,M,5,4,42,3.0,1.0,34.0,3.0,2.0,58.0,1.0,1.0,14.0
p11458.htm#i114576,B1,1066,1126,M,1,1,34,,,,,,,,,
p17015.htm#i170141,B27,1164,1224,M,4,7,65,4.0,4.0,47.0,4.0,8.0,90.0,4.0,4.0,40.0
p10488.htm#i104872,B4,1120,1160,M,2,9,100,0.0,1.0,0.0,3.0,8.0,151.0,,,
p51099.htm#i510987,B15,1266,1322,M,2,1,8,,,,1.0,1.0,4.0,,,
p4284.htm#i42840,B1,1184,1239,M,2,6,38,0.0,1.0,0.0,2.0,6.0,53.0,,,
p13745.htm#i137445,B112,1275,1297,M,2,5,32,3.0,4.0,27.0,3.0,9.0,75.0,3.0,4.0,13.0
p4249.htm#i42490,B4,1269,1329,M,3,16,237,8.0,8.0,161.0,17.0,6.0,184.0,8.0,8.0,207.0
p24820.htm#i248191,B34,1078,1138,M,4,2,19,0.0,1.0,0.0,2.0,4.0,20.0,,,
p475.htm#i4741,B1,1246,1286,M,7,7,234,5.0,8.0,192.0,11.0,10.0,251.0,12.0,9.0,237.0
p2499.htm#i24985,B4,1286,1330,M,3,3,33,1.0,1.0,8.0,3.0,3.0,16.0,,,
p909.htm#i9085,B26,1277,1325,M,8,10,108,3.0,6.0,110.0,3.0,5.0,71.0,10.0,7.0,164.0
p42858.htm#i428578,B17,1167,1226,M,3,2,21,2.0,1.0,13.0,2.0,1.0,14.0,4.0,1.0,14.0
p11342.htm#i113415,B4,1203,1272,M,7,6,183,8.0,12.0,179.0,8.0,7.0,150.0,12.0,14.0,191.0
p11527.htm#i115267,B4,1228,1239,M,2,4,55,4.0,4.0,56.0,6.0,6.0,109.0,5.0,4.0,66.0
p84.htm#i832,B26,1277,1324,M,2,4,30,3.0,3.0,20.0,4.0,5.0,36.0,1.0,2.0,11.0
p59354.htm#i593534,B0,1124,1182,M,9,6,131,5.0,3.0,48.0,5.0,4.0,67.0,1.0,2.0,22.0
p4039.htm#i40381,B0,1220,1279,M,6,5,201,4.0,2.0,65.0,4.0,3.0,103.0,4.0,3.0,67.0
p11464.htm#i114640,B1,1188,1247,M,7,1,91,3.0,3.0,85.0,4.0,3.0,120.0,4.0,5.0,128.0
p14025.htm#i140250,B12,1259,1319,M,4,2,42,4.0,2.0,39.0,4.0,2.0,47.0,5.0,2.0,29.0
p782.htm#i7818,B1,1234,1300,M,2,7,227,9.0,7.0,152.0,9.0,8.0,180.0,7.0,7.0,139.0
p10475.htm#i104746,B34,1180,1240,M,6,14,258,8.0,15.0,176.0,7.0,17.0,200.0,4.0,14.0,190.0
p744.htm#i7437,B1,1269,1291,M,4,2,156,4.0,5.0,182.0,4.0,5.0,147.0,15.0,7.0,279.0
p38686.htm#i386853,B25,1299,1355,M,3,3,27,1.0,1.0,19.0,3.0,1.0,37.0,,,
p40139.htm#i401384,B245,1196,1256,M,4,3,34,1.0,2.0,4.0,2.0,1.0,3.0,2.0,6.0,50.0
p10681.htm#i106808,B4,1126,1184,M,9,10,255,9.0,7.0,143.0,9.0,8.0,152.0,5.0,5.0,91.0
p10470.htm#i104694,B34,1132,1192,M,2,13,128,3.0,16.0,203.0,3.0,13.0,99.0,30.0,23.0,411.0
p458.htm#i4577,B34,1133,1180,M,2,7,30,,,,2.0,2.0,14.0,,,
p63.htm#i622,B3,1113,1166,M,2,4,24,3.0,3.0,16.0,2.0,2.0,8.0,1.0,2.0,8.0
p58843.htm#i588429,B16,1170,1221,M,4,3,21,3.0,3.0,16.0,4.0,5.0,50.0,1.0,2.0,10.0
p26680.htm#i266793,B25,1187,1247,M,2,4,38,,,,1.0,4.0,59.0,,,
p87.htm#i862,B26,1271,1321,M,2,6,38,4.0,4.0,29.0,4.0,6.0,48.0,4.0,2.0,16.0
p24820.htm#i248192,B34,1099,1150,M,1,1,12,,,,1.0,1.0,1.0,,,
p38686.htm#i386857,B25,1270,1328,M,2,4,47,1.0,1.0,26.0,2.0,2.0,45.0,,,
p11417.htm#i114161,B1,1262,1290,M,3,4,117,6.0,2.0,64.0,7.0,3.0,105.0,1.0,2.0,25.0
p59667.htm#i596661,B0,1135,1200,M,3,3,44,4.0,5.0,68.0,4.0,3.0,34.0,9.0,6.0,89.0
p44334.htm#i443334,B25,1300,1360,M,4,4,41,3.0,3.0,38.0,3.0,7.0,69.0,5.0,3.0,16.0
p833.htm#i8327,B0,1255,1314,M,2,8,55,2.0,4.0,35.0,2.0,7.0,36.0,3.0,5.0,32.0
p11412.htm#i114112,B4,1125,1187,M,6,6,81,3.0,4.0,23.0,7.0,4.0,38.0,,,
p10250.htm#i102497,B34,1092,1144,M,11,19,262,4.0,12.0,133.0,8.0,12.0,143.0,2.0,9.0,59.0
p18381.htm#i183810,B34,1116,1173,M,2,5,33,,,,3.0,8.0,63.0,,,
p4198.htm#i41977,B4,1265,1276,M,2,4,105,3.0,6.0,143.0,4.0,5.0,185.0,7.0,7.0,203.0
p58176.htm#i581755,B27,1104,1156,M,2,6,59,3.0,9.0,75.0,3.0,7.0,48.0,5.0,12.0,105.0
p22078.htm#i220778,B1,1056,1108,M,4,4,43,,,,2.0,5.0,70.0,,,
p11413.htm#i114127,B1,1206,1270,M,9,4,213,4.0,4.0,62.0,6.0,5.0,146.0,1.0,3.0,20.0
p10680.htm#i106796,B4,1187,1250,M,5,12,168,4.0,8.0,101.0,5.0,9.0,152.0,6.0,9.0,114.0
p12006.htm#i120051,B44,1265,1311,M,5,6,59,4.0,2.0,26.0,5.0,4.0,47.0,1.0,2.0,15.0
p823.htm#i8228,B34,1161,1185,M,2,10,80,7.0,10.0,80.0,5.0,16.0,158.0,4.0,5.0,33.0
p10274.htm#i102739,B27,1203,1275,M,3,8,39,4.0,9.0,71.0,3.0,7.0,25.0,5.0,11.0,76.0
p10351.htm#i103508,B26,1273,1318,M,6,12,182,10.0,5.0,105.0,11.0,10.0,159.0,3.0,4.0,72.0
p11429.htm#i114286,B4,1092,1148,M,5,6,133,4.0,5.0,46.0,2.0,3.0,30.0,7.0,8.0,92.0
p10768.htm#i107673,B26,1078,1138,M,5,9,55,2.0,7.0,35.0,4.0,8.0,65.0,,,
p4292.htm#i42912,B0,1164,1203,M,4,10,130,4.0,13.0,144.0,4.0,10.0,88.0,11.0,16.0,188.0
p515.htm#i5147,B26,1266,1326,M,1,3,28,,,,0.0,1.0,0.0,,,
p10686.htm#i106859,B34,1220,1257,M,4,11,103,5.0,7.0,56.0,5.0,12.0,137.0,3.0,4.0,36.0
p4209.htm#i42085,B4,1260,1276,M,3,4,135,3.0,5.0,178.0,4.0,5.0,186.0,14.0,8.0,238.0
p469.htm#i4684,B34,1267,1314,M,6,7,76,3.0,8.0,74.0,3.0,7.0,76.0,5.0,13.0,174.0
p11394.htm#i113936,B1,1147,1169,M,2,3,97,4.0,6.0,136.0,5.0,4.0,104.0,11.0,7.0,157.0
p40548.htm#i405471,B260,1190,1227,M,2,7,30,2.0,4.0,42.0,,,,7.0,5.0,53.0
p11363.htm#i113626,B1,1204,1252,M,12,9,248,3.0,7.0,144.0,3.0,13.0,209.0,11.0,7.0,177.0
p4157.htm#i41562,B0,1260,1320,M,5,4,96,3.0,6.0,119.0,3.0,3.0,70.0,13.0,6.0,179.0
p39297.htm#i392962,B4,1070,1130,M,2,2,22,,,,2.0,6.0,14.0,,,
p471.htm#i4708,B0,1300,1347,M,9,14,118,1.0,2.0,36.0,3.0,2.0,68.0,,,
p59444.htm#i594433,B0,1234,1284,M,5,2,90,4.0,2.0,73.0,5.0,1.0,75.0,9.0,2.0,84.0
p17009.htm#i170084,B4,1284,1329,M,4,7,132,2.0,2.0,38.0,5.0,6.0,92.0,,,
p42858.htm#i428579,B17,1197,1254,M,2,3,14,,,,2.0,2.0,20.0,,,
p748.htm#i7471,B0,1190,1260,M,13,7,196,3.0,10.0,117.0,3.0,5.0,67.0,9.0,11.0,141.0
p4150.htm#i41497,B1,1243,1302,M,5,4,195,6.0,4.0,101.0,7.0,5.0,97.0,6.0,3.0,76.0
p10462.htm#i104615,B34,1214,1263,M,3,17,227,7.0,24.0,264.0,3.0,12.0,99.0,4.0,16.0,143.0
p10239.htm#i102382,B4,1215,1270,M,14,6,269,4.0,12.0,209.0,4.0,5.0,194.0,15.0,14.0,238.0
p11417.htm#i114170,B0,1278,1313,M,6,5,135,3.0,3.0,73.0,4.0,8.0,112.0,4.0,6.0,97.0
p10253.htm#i102528,B26,1198,1249,M,6,22,310,5.0,12.0,160.0,11.0,16.0,215.0,9.0,19.0,198.0
p57264.htm#i572632,B12,1255,1306,M,4,2,47,3.0,2.0,32.0,3.0,2.0,40.0,5.0,2.0,25.0
p18700.htm#i186996,B26,1260,1308,M,3,7,120,9.0,9.0,186.0,9.0,7.0,137.0,9.0,14.0,254.0
p4186.htm#i41855,B1,1256,1294,M,2,3,82,3.0,7.0,117.0,1.0,3.0,38.0,12.0,9.0,260.0
p4723.htm#i47222,B34,1258,1299,M,5,9,92,6.0,13.0,87.0,6.0,9.0,51.0,7.0,16.0,182.0
p11309.htm#i113084,B1,1254,1291,M,2,3,91,7.0,4.0,117.0,8.0,5.0,121.0,6.0,3.0,82.0
p46548.htm#i465472,B34,1133,1197,M,9,19,198,5.0,16.0,221.0,6.0,13.0,133.0,30.0,23.0,414.0
p32781.htm#i327810,B6,1281,1334,M,2,12,65,3.0,8.0,60.0,4.0,7.0,52.0,9.0,8.0,88.0
p4157.htm#i41569,B1,1292,1353,M,2,7,108,3.0,6.0,138.0,3.0,5.0,141.0,7.0,7.0,252.0
p845.htm#i8444,B0,1300,1360,M,4,6,36,3.0,5.0,35.0,3.0,4.0,35.0,3.0,4.0,44.0
p67276.htm#i672751,B16,1180,1234,M,5,3,70,2.0,2.0,21.0,9.0,2.0,33.0,2.0,2.0,15.0
p4266.htm#i42656,B4,1263,1318,M,3,16,171,8.0,4.0,112.0,13.0,5.0,152.0,,,
p39262.htm#i392615,B26,1097,1157,M,2,3,33,,,,3.0,8.0,40.0,,,
p41835.htm#i418341,B25,1290,1352,M,4,2,13,1.0,1.0,6.0,3.0,2.0,13.0,,,
p10493.htm#i104926,B34,1197,1245,M,2,20,274,3.0,7.0,41.0,8.0,28.0,312.0,,,
p15827.htm#i158269,B27,1088,1175,M,10,8,131,3.0,4.0,37.0,3.0,3.0,25.0,4.0,5.0,82.0
p12002.htm#i120020,B4,1183,1226,M,3,5,157,3.0,8.0,132.0,4.0,8.0,130.0,7.0,8.0,161.0
p10683.htm#i106822,B25,1212,1270,M,4,13,197,6.0,9.0,113.0,3.0,7.0,50.0,12.0,8.0,122.0
p39183.htm#i391824,B6,1099,1159,M,5,1,17,1.0,1.0,9.0,3.0,2.0,16.0,,,
p10782.htm#i107819,B34,1300,1347,M,4,6,73,1.0,3.0,18.0,3.0,5.0,40.0,,,
p909.htm#i9090,B25,1211,1266,M,6,13,170,5.0,9.0,112.0,2.0,7.0,49.0,12.0,8.0,121.0
p743.htm#i7423,B1,1289,1351,M,13,12,237,9.0,8.0,198.0,9.0,5.0,206.0,11.0,10.0,220.0
p49177.htm#i491765,B26,1237,1297,M,4,2,16,,,,0.0,1.0,0.0,,,
p10464.htm#i104637,B1,1184,1213,M,4,13,231,11.0,23.0,278.0,15.0,14.0,237.0,20.0,32.0,426.0
p843.htm#i8424,B0,1173,1217,M,2,5,36,1.0,1.0,1.0,2.0,4.0,43.0,1.0,1.0,1.0
p66334.htm#i663332,B0,1223,1276,M,2,5,50,3.0,5.0,29.0,5.0,8.0,68.0,2.0,3.0,16.0
p10493.htm#i104925,B34,1190,1242,M,2,20,260,2.0,5.0,37.0,6.0,27.0,292.0,,,
p39907.htm#i399070,B26,1211,1271,M,5,5,101,,,,2.0,6.0,50.0,,,
p15526.htm#i155259,B25,1202,1262,M,3,4,44,,,,1.0,4.0,66.0,,,
p3109.htm#i31087,B34,1253,1269,M,2,7,59,3.0,7.0,88.0,4.0,9.0,92.0,5.0,7.0,90.0
p15141.htm#i151407,B25,1217,1271,M,3,3,49,1.0,2.0,21.0,3.0,4.0,39.0,,,
p10546.htm#i105459,B1,1131,1182,M,11,7,141,4.0,5.0,88.0,4.0,7.0,79.0,9.0,7.0,126.0
p10254.htm#i102533,B4,1171,1230,M,9,9,211,3.0,6.0,95.0,5.0,6.0,107.0,6.0,7.0,134.0
p10251.htm#i102510,B4,1099,1137,M,4,16,120,3.0,11.0,96.0,4.0,9.0,135.0,4.0,7.0,74.0
p4038.htm#i40375,B1,1276,1300,M,2,4,82,4.0,4.0,113.0,4.0,4.0,139.0,8.0,6.0,200.0
p2406.htm#i24054,B26,1299,1355,M,2,2,20,1.0,2.0,17.0,3.0,3.0,26.0,,,
p11393.htm#i113930,B1,1130,1190,M,2,1,29,2.0,1.0,20.0,3.0,2.0,43.0,1.0,1.0,9.0
p15526.htm#i155258,B25,1161,1214,M,3,4,67,,,,12.0,6.0,86.0,,,
p490.htm#i4894,B26,1240,1300,M,3,7,38,0.0,1.0,0.0,2.0,6.0,67.0,,,
p41104.htm#i411035,B34,1086,1141,M,5,9,52,0.0,1.0,0.0,1.0,1.0,1.0,,,
p4252.htm#i42517,B0,1201,1274,M,3,3,94,8.0,4.0,91.0,8.0,3.0,128.0,6.0,4.0,126.0
p11332.htm#i113313,B4,1039,1109,M,8,6,134,5.0,1.0,32.0,6.0,1.0,41.0,3.0,1.0,22.0
p823.htm#i8230,B34,1138,1177,M,4,7,138,3.0,6.0,124.0,3.0,6.0,121.0,11.0,7.0,132.0
p10915.htm#i109144,B26,1204,1264,M,3,4,34,,,,1.0,1.0,10.0,,,
p407.htm#i4064,B34,1170,1221,M,10,10,192,3.0,8.0,102.0,3.0,15.0,196.0,2.0,4.0,28.0
p55520.htm#i555195,B3,1210,1268,M,6,13,159,,,,8.0,12.0,145.0,,,
p53988.htm#i539878,B0,1180,1245,M,3,4,93,3.0,3.0,27.0,5.0,5.0,42.0,,,
p4094.htm#i40935,B1,1218,1286,M,6,3,153,9.0,2.0,95.0,10.0,4.0,109.0,7.0,4.0,146.0
p4204.htm#i42037,B4,1283,1308,M,2,6,140,10.0,4.0,145.0,10.0,6.0,191.0,9.0,4.0,146.0
p11343.htm#i113429,B4,1256,1275,M,4,4,180,7.0,5.0,176.0,13.0,5.0,175.0,14.0,8.0,229.0
p67313.htm#i673128,B16,1160,1213,M,2,1,15,3.0,1.0,14.0,4.0,1.0,26.0,1.0,1.0,9.0
p11466.htm#i114657,B1,1242,1288,M,3,1,55,2.0,2.0,41.0,4.0,1.0,45.0,4.0,3.0,75.0
p4217.htm#i42161,B34,1190,1191,M,2,4,29,7.0,12.0,95.0,5.0,1.0,14.0,4.0,16.0,166.0
p36903.htm#i369024,B27,1132,1184,M,4,12,131,5.0,8.0,77.0,3.0,10.0,63.0,7.0,10.0,86.0
p10458.htm#i104577,B34,1232,1233,M,2,12,176,10.0,18.0,258.0,4.0,23.0,327.0,12.0,13.0,250.0
p11474.htm#i114734,B1,1127,1178,M,1,3,24,,,,1.0,3.0,40.0,,,
p10253.htm#i102526,B4,1198,1245,M,7,10,164,3.0,5.0,39.0,3.0,6.0,89.0,3.0,4.0,18.0
p4051.htm#i40501,B27,1084,1137,M,6,7,87,,,,1.0,9.0,46.0,,,
p844.htm#i8436,B0,1206,1301,M,4,6,41,3.0,3.0,16.0,4.0,5.0,36.0,2.0,3.0,11.0
p66333.htm#i663329,B0,1236,1283,M,2,6,51,8.0,5.0,41.0,14.0,8.0,80.0,2.0,3.0,28.0
p67302.htm#i673018,B16,1204,1264,M,1,2,15,,,,2.0,1.0,8.0,,,
p11305.htm#i113044,B4,1199,1252,M,17,9,244,5.0,12.0,164.0,5.0,7.0,137.0,12.0,14.0,181.0
p372.htm#i3717,B4,1185,1234,M,6,9,120,3.0,8.0,100.0,4.0,9.0,150.0,6.0,9.0,113.0
p30068.htm#i300674,B38,1208,1268,M,6,1,24,,,,2.0,1.0,19.0,,,
p60993.htm#i609926,B3,1203,1269,M,2,4,50,2.0,4.0,54.0,3.0,4.0,18.0,4.0,6.0,113.0
p782.htm#i7815,B4,1197,1253,M,8,7,190,2.0,5.0,24.0,3.0,5.0,71.0,1.0,4.0,10.0
p53225.htm#i532250,B0,1291,1345,M,4,5,22,1.0,1.0,12.0,4.0,1.0,22.0,,,
p64.htm#i640,B3,1210,1232,M,6,10,91,3.0,9.0,73.0,3.0,7.0,56.0,5.0,10.0,114.0
p11412.htm#i114115,B4,1155,1219,M,15,8,248,3.0,8.0,94.0,3.0,9.0,148.0,7.0,7.0,117.0
p932.htm#i9312,B4,1199,1258,M,6,5,117,3.0,5.0,39.0,4.0,5.0,86.0,1.0,4.0,14.0
p847.htm#i8468,B1,1155,1207,M,5,6,91,3.0,6.0,59.0,3.0,8.0,102.0,5.0,4.0,42.0
p61056.htm#i610553,B3,1130,1173,M,2,3,42,0.0,1.0,0.0,4.0,3.0,25.0,,,
p11301.htm#i113010,B1,1143,1190,M,4,3,74,4.0,5.0,77.0,3.0,3.0,52.0,6.0,5.0,90.0
p11405.htm#i114048,B0,1228,1256,M,4,6,149,5.0,7.0,179.0,4.0,6.0,127.0,11.0,8.0,243.0
p67305.htm#i673041,B16,1280,1340,M,5,5,65,1.0,2.0,8.0,2.0,2.0,13.0,,,
p12010.htm#i120098,B4,1224,1289,M,8,7,202,3.0,2.0,25.0,5.0,3.0,45.0,,,
p3314.htm#i33134,B26,1267,1327,M,2,1,10,2.0,1.0,2.0,1.0,1.0,2.0,1.0,1.0,2.0
p901.htm#i9003,B1,1145,1266,M,5,11,164,13.0,11.0,148.0,13.0,9.0,111.0,4.0,9.0,131.0
p11474.htm#i114736,B1,1110,1146,M,1,3,43,,,,3.0,5.0,70.0,,,
p10774.htm#i107735,B27,1111,1153,M,3,9,101,6.0,11.0,111.0,3.0,8.0,52.0,5.0,12.0,114.0
p67270.htm#i672693,B16,1050,1105,M,3,6,51,10.0,5.0,39.0,10.0,6.0,57.0,2.0,3.0,24.0
p10250.htm#i102495,B34,1101,1128,M,4,12,168,2.0,7.0,93.0,6.0,14.0,163.0,4.0,6.0,101.0
p11480.htm#i114795,B1,1276,1302,M,2,1,26,,,,2.0,1.0,37.0,,,
p11475.htm#i114746,B1,1154,1212,M,9,3,60,,,,9.0,5.0,95.0,,,
p19078.htm#i190771,B25,1247,1306,M,4,2,66,,,,10.0,4.0,56.0,,,
p11458.htm#i114577,B1,1043,1102,M,6,5,90,3.0,5.0,51.0,3.0,4.0,54.0,11.0,5.0,67.0
p66333.htm#i663328,B0,1236,1262,M,2,5,48,8.0,5.0,41.0,14.0,8.0,80.0,2.0,3.0,28.0
p39262.htm#i392619,B26,1155,1215,M,2,1,9,,,,1.0,1.0,17.0,,,
p56425.htm#i564246,B34,1173,1225,M,5,4,65,1.0,3.0,35.0,3.0,5.0,109.0,,,
p4097.htm#i40963,B1,1220,1289,M,2,2,110,10.0,2.0,98.0,11.0,4.0,114.0,7.0,4.0,152.0
p46509.htm#i465086,B36,1141,1201,M,2,4,75,3.0,9.0,98.0,4.0,6.0,90.0,5.0,13.0,102.0
p11329.htm#i113286,B4,1179,1227,M,2,6,107,5.0,7.0,123.0,5.0,6.0,83.0,9.0,9.0,227.0
p2587.htm#i25865,B26,1264,1320,M,2,9,97,6.0,10.0,140.0,5.0,6.0,91.0,5.0,16.0,237.0
p11528.htm#i115276,B4,1143,1149,M,1,3,45,,,,6.0,5.0,108.0,,,
p15186.htm#i151853,B3,1233,1292,M,2,10,108,5.0,11.0,123.0,5.0,10.0,91.0,11.0,14.0,224.0
p30138.htm#i301377,B38,1245,1302,M,2,1,22,2.0,1.0,12.0,2.0,1.0,17.0,1.0,1.0,5.0
p2498.htm#i24980,B34,1215,1243,M,3,12,160,8.0,9.0,157.0,8.0,10.0,162.0,9.0,9.0,235.0
p11425.htm#i114245,B1,1074,1101,M,2,7,79,,,,1.0,5.0,51.0,,,
p10240.htm#i102391,B4,1221,1284,M,18,7,255,3.0,5.0,104.0,4.0,8.0,143.0,7.0,6.0,160.0
p10310.htm#i103094,B4,1052,1108,M,8,13,236,4.0,8.0,127.0,3.0,9.0,168.0,9.0,5.0,104.0
p11302.htm#i113014,B1,1153,1194,M,7,7,62,,,,3.0,5.0,26.0,,,
p45043.htm#i450423,B26,1150,1179,M,2,1,8,,,,1.0,2.0,9.0,,,
p67271.htm#i672707,B16,1223,1257,M,4,3,60,7.0,3.0,58.0,3.0,3.0,60.0,4.0,5.0,64.0
p38181.htm#i381810,B0,1286,1346,M,4,5,36,3.0,4.0,100.0,1.0,3.0,30.0,6.0,4.0,211.0
p70904.htm#i709034,B4,1158,1216,M,6,6,90,7.0,8.0,107.0,4.0,6.0,63.0,8.0,9.0,193.0
p4201.htm#i42001,B4,1279,1283,M,2,5,95,3.0,6.0,166.0,3.0,6.0,154.0,14.0,6.0,292.0
p10676.htm#i106759,B34,1129,1202,M,8,19,274,0.0,1.0,0.0,3.0,18.0,177.0,,,
p2025.htm#i20248,B4,1102,1148,M,4,8,94,2.0,7.0,91.0,6.0,9.0,105.0,8.0,6.0,131.0
p15150.htm#i151497,B0,1273,1314,M,5,12,116,4.0,13.0,199.0,4.0,7.0,88.0,8.0,17.0,319.0
p4291.htm#i42904,B0,1100,1147,M,3,2,15,,,,2.0,1.0,6.0,,,
p11385.htm#i113848,B1,1290,1326,M,5,10,174,7.0,5.0,156.0,7.0,5.0,147.0,3.0,5.0,117.0
p11427.htm#i114270,B1,1176,1208,M,7,5,143,6.0,4.0,86.0,8.0,5.0,163.0,2.0,5.0,55.0
p50856.htm#i508559,B12,1202,1236,M,7,2,53,4.0,3.0,32.0,2.0,2.0,16.0,6.0,5.0,58.0
p4280.htm#i42794,B1,1155,1190,M,2,2,40,1.0,2.0,31.0,3.0,3.0,56.0,,,
p3110.htm#i31099,B0,1068,1139,M,7,5,101,2.0,2.0,65.0,3.0,2.0,51.0,,,
p10216.htm#i102159,B4,1045,1102,M,16,10,143,3.0,6.0,47.0,4.0,8.0,87.0,2.0,5.0,20.0
p10490.htm#i104891,B4,1127,1181,M,6,8,229,4.0,6.0,79.0,4.0,9.0,148.0,7.0,3.0,47.0
p10543.htm#i105429,B1,1045,1103,M,7,6,97,4.0,3.0,47.0,7.0,7.0,105.0,1.0,2.0,16.0
p4308.htm#i43071,B0,1269,1304,M,2,5,120,4.0,6.0,124.0,3.0,5.0,138.0,17.0,6.0,184.0
p11383.htm#i113829,B4,1271,1295,M,6,6,174,3.0,4.0,90.0,3.0,6.0,133.0,9.0,3.0,119.0
p468.htm#i4676,B26,1236,1295,M,2,4,41,3.0,4.0,47.0,2.0,4.0,29.0,4.0,6.0,76.0
p4898.htm#i48978,B27,1108,1185,M,3,4,36,4.0,5.0,17.0,6.0,5.0,17.0,,,
p10255.htm#i102545,B4,1268,1314,M,7,8,268,3.0,5.0,185.0,5.0,5.0,187.0,14.0,8.0,258.0
p10247.htm#i102461,B151,1290,1332,M,5,5,37,2.0,3.0,16.0,3.0,3.0,21.0,4.0,3.0,12.0
p11474.htm#i114732,B1,1080,1157,M,10,5,97,5.0,6.0,76.0,5.0,5.0,73.0,10.0,8.0,109.0
p73483.htm#i734830,B1,1263,1308,M,3,4,105,5.0,5.0,107.0,4.0,4.0,116.0,9.0,5.0,142.0
p4285.htm#i42841,B1,1184,1240,M,2,6,38,0.0,1.0,0.0,2.0,6.0,53.0,,,
p65425.htm#i654248,B3,1140,1200,M,2,1,9,,,,1.0,1.0,6.0,,,
p67331.htm#i673303,B16,1088,1148,M,1,1,24,,,,5.0,3.0,31.0,,,
p10697.htm#i106964,B25,1256,1292,M,6,9,88,3.0,6.0,91.0,3.0,5.0,38.0,6.0,6.0,108.0
p10261.htm#i102603,B3,1223,1282,M,4,9,110,1.0,7.0,28.0,3.0,9.0,77.0,,,
p30219.htm#i302190,B38,1274,1336,M,3,2,20,2.0,1.0,12.0,3.0,1.0,19.0,2.0,1.0,10.0
p4097.htm#i40965,B1,1207,1246,M,2,2,95,2.0,2.0,68.0,3.0,4.0,87.0,7.0,3.0,110.0
p15170.htm#i151692,B3,1260,1326,M,7,8,104,2.0,4.0,49.0,5.0,11.0,112.0,1.0,4.0,17.0
p10459.htm#i104582,B34,1240,1296,M,5,14,220,0.0,1.0,0.0,8.0,23.0,349.0,,,
p10094.htm#i100933,B34,1284,1327,M,8,18,349,17.0,11.0,283.0,18.0,14.0,365.0,17.0,12.0,327.0
p824.htm#i8231,B34,1177,1186,M,2,6,71,4.0,12.0,115.0,3.0,7.0,137.0,7.0,16.0,192.0
p59197.htm#i591962,B0,1235,1301,M,3,2,119,5.0,2.0,74.0,6.0,1.0,76.0,9.0,2.0,85.0
p11343.htm#i113422,B4,1224,1277,M,4,6,162,4.0,5.0,108.0,5.0,8.0,149.0,7.0,6.0,165.0
p67266.htm#i672659,B16,1280,1338,M,2,1,32,3.0,1.0,40.0,1.0,1.0,25.0,10.0,2.0,62.0
p15227.htm#i152263,B1,1077,1107,M,2,3,52,2.0,3.0,45.0,4.0,5.0,78.0,2.0,1.0,28.0
p47086.htm#i470857,B4,1235,1297,M,4,5,156,1.0,4.0,53.0,8.0,6.0,171.0,,,
p58996.htm#i589951,B26,1102,1160,M,2,2,10,,,,1.0,4.0,9.0,,,
p2025.htm#i20250,B4,1067,1112,M,4,8,84,1.0,6.0,22.0,4.0,7.0,49.0,,,
p4208.htm#i42078,B4,1253,1309,M,1,4,150,,,,8.0,5.0,159.0,,,
p10488.htm#i104874,B27,1104,1166,M,5,16,202,4.0,8.0,65.0,3.0,6.0,38.0,4.0,10.0,135.0
p170.htm#i1698,B1,1290,1319,M,3,4,164,6.0,2.0,127.0,6.0,6.0,197.0,5.0,2.0,105.0
p70421.htm#i704202,B34,1075,1119,M,3,2,31,1.0,2.0,21.0,3.0,3.0,60.0,,,
p54621.htm#i546209,B15,1238,1298,M,5,1,18,2.0,1.0,14.0,3.0,1.0,25.0,1.0,1.0,6.0
p10490.htm#i104892,B4,1133,1191,M,2,6,146,10.0,7.0,112.0,10.0,10.0,183.0,7.0,3.0,64.0
p4215.htm#i42147,B34,1154,1210,M,7,7,92,3.0,13.0,140.0,4.0,13.0,145.0,10.0,16.0,262.0
p11394.htm#i113940,B1,1170,1180,M,2,3,77,4.0,7.0,106.0,4.0,5.0,123.0,7.0,6.0,114.0
p4150.htm#i41500,B1,1282,1323,M,5,4,174,11.0,6.0,218.0,6.0,5.0,174.0,15.0,8.0,338.0
p10785.htm#i107848,B27,1130,1185,M,2,6,45,3.0,9.0,72.0,1.0,6.0,37.0,8.0,9.0,120.0
p67267.htm#i672661,B16,1280,1338,M,2,1,32,3.0,1.0,40.0,1.0,1.0,25.0,10.0,2.0,62.0
p4036.htm#i40360,B1,1244,1268,M,2,4,109,4.0,5.0,147.0,4.0,6.0,127.0,7.0,8.0,216.0
p11345.htm#i113441,B4,1292,1327,M,3,4,115,8.0,4.0,140.0,8.0,4.0,189.0,7.0,6.0,217.0
p10472.htm#i104711,B34,1097,1176,M,7,13,173,3.0,3.0,47.0,3.0,3.0,44.0,4.0,3.0,39.0
p11417.htm#i114163,B1,1268,1278,M,2,3,65,7.0,2.0,70.0,8.0,3.0,115.0,1.0,2.0,27.0
p46548.htm#i465471,B34,1097,1156,M,2,3,45,3.0,3.0,47.0,3.0,3.0,44.0,4.0,3.0,39.0
p10493.htm#i104924,B34,1197,1244,M,2,20,267,3.0,7.0,41.0,8.0,28.0,312.0,,,
p67172.htm#i671720,solo_PL175031,1040,1100,M,1,2,24,2.0,1.0,22.0,,,,11.0,1.0,30.0
p10464.htm#i104638,B1,1181,1190,M,2,13,161,9.0,22.0,264.0,13.0,14.0,226.0,20.0,31.0,412.0
p12003.htm#i120030,B34,1135,1194,M,9,7,89,0.0,1.0,0.0,3.0,6.0,129.0,,,
p47144.htm#i471438,B26,1261,1305,M,2,7,76,6.0,7.0,87.0,6.0,7.0,91.0,5.0,6.0,77.0
p60135.htm#i601344,B38,1242,1302,M,2,10,91,5.0,6.0,95.0,4.0,9.0,77.0,1.0,6.0,30.0
p4036.htm#i40355,B1,1242,1291,M,2,6,183,4.0,7.0,163.0,6.0,6.0,156.0,12.0,9.0,288.0
p10550.htm#i105496,B1,1249,1286,M,10,4,144,2.0,3.0,62.0,3.0,6.0,145.0,1.0,2.0,16.0
p67277.htm#i672766,B11,1271,1313,M,2,10,68,6.0,8.0,82.0,1.0,7.0,40.0,4.0,8.0,60.0
p980.htm#i9800,B26,1285,1341,M,2,9,52,2.0,10.0,97.0,0.0,1.0,0.0,6.0,14.0,209.0
p59438.htm#i594377,B0,1182,1198,M,2,3,42,1.0,2.0,26.0,3.0,5.0,61.0,,,
p15048.htm#i150479,B0,1110,1157,M,6,4,74,3.0,2.0,38.0,3.0,4.0,52.0,7.0,4.0,67.0
p10467.htm#i104662,B34,1093,1172,M,4,16,316,0.0,1.0,0.0,10.0,15.0,187.0,0.0,1.0,0.0
p67331.htm#i673305,B16,1088,1148,M,3,1,24,1.0,1.0,21.0,5.0,3.0,31.0,,,
p44941.htm#i449407,B27,1222,1282,M,4,1,24,1.0,1.0,14.0,3.0,2.0,25.0,,,
p22039.htm#i220382,B4,1184,1228,M,3,5,132,5.0,8.0,160.0,7.0,8.0,160.0,7.0,9.0,174.0
p51099.htm#i510983,B15,1123,1183,M,2,1,5,,,,1.0,1.0,6.0,,,
p58996.htm#i589956,B26,1248,1304,M,2,1,6,,,,1.0,1.0,5.0,,,
p56019.htm#i560190,B26,1235,1291,M,3,1,12,3.0,1.0,9.0,3.0,1.0,19.0,2.0,1.0,6.0
p899.htm#i8987,B1,1156,1215,M,2,6,74,0.0,1.0,0.0,3.0,8.0,128.0,,,
p10313.htm#i103121,B4,1220,1271,M,3,5,200,8.0,12.0,220.0,8.0,5.0,204.0,15.0,14.0,247.0
p18737.htm#i187361,B38,1084,1164,M,3,2,27,2.0,2.0,18.0,4.0,2.0,28.0,2.0,1.0,11.0
p10260.htm#i102594,B3,1100,1170,M,11,6,62,3.0,1.0,8.0,4.0,1.0,10.0,1.0,1.0,7.0
p58844.htm#i588431,B16,1190,1241,M,4,2,17,1.0,2.0,12.0,3.0,3.0,18.0,,,
p10461.htm#i104604,B34,1200,1250,M,7,15,173,3.0,8.0,108.0,2.0,19.0,225.0,3.0,6.0,78.0
p780.htm#i7799,B0,1255,1314,M,10,10,100,2.0,4.0,35.0,2.0,7.0,36.0,3.0,5.0,32.0
p15167.htm#i151668,B1,1285,1339,M,3,3,51,1.0,1.0,35.0,3.0,4.0,98.0,,,
p41834.htm#i418338,B25,1212,1259,M,3,4,24,,,,1.0,5.0,50.0,,,
p58173.htm#i581726,B27,1063,1126,M,8,7,81,4.0,5.0,30.0,5.0,5.0,43.0,1.0,3.0,14.0
p44944.htm#i449436,B27,1219,1279,M,2,2,31,3.0,2.0,22.0,4.0,3.0,49.0,1.0,1.0,11.0
p30137.htm#i301364,B38,1236,1294,M,1,1,15,,,,1.0,1.0,13.0,,,
p66330.htm#i663296,B27,1152,1206,M,1,6,41,,,,2.0,8.0,80.0,,,
p4293.htm#i42925,B0,1257,1297,M,2,6,130,5.0,3.0,97.0,5.0,6.0,123.0,5.0,2.0,93.0
p35340.htm#i353394,B34,1160,1206,M,2,6,96,8.0,14.0,186.0,7.0,6.0,90.0,10.0,14.0,200.0
p67322.htm#i673211,B16,1150,1190,M,2,1,32,,,,2.0,1.0,23.0,,,
p18381.htm#i183805,B26,1222,1295,M,4,3,24,1.0,3.0,20.0,3.0,5.0,46.0,,,
p662.htm#i6620,B26,1182,1242,M,2,4,45,,,,2.0,1.0,16.0,,,
p35875.htm#i358741,B25,1233,1294,M,2,2,58,,,,7.0,4.0,47.0,,,
p30065.htm#i300648,B38,1148,1226,M,3,2,16,,,,1.0,2.0,15.0,,,
p58586.htm#i585853,B26,1248,1296,M,4,2,45,1.0,1.0,6.0,1.0,1.0,9.0,2.0,4.0,42.0
p4152.htm#i41519,B1,1258,1304,M,7,5,174,12.0,4.0,100.0,14.0,5.0,142.0,1.0,4.0,37.0
p4292.htm#i42916,B0,1215,1271,M,10,6,209,4.0,6.0,116.0,4.0,6.0,84.0,10.0,7.0,192.0
p10465.htm#i104642,B1,1182,1182,M,2,13,142,10.0,22.0,269.0,14.0,14.0,229.0,20.0,31.0,419.0
p11414.htm#i114132,B1,1187,1227,M,5,2,87,2.0,3.0,84.0,3.0,3.0,119.0,4.0,5.0,127.0
p51187.htm#i511861,B26,1236,1289,M,2,4,38,3.0,4.0,47.0,2.0,4.0,29.0,4.0,6.0,76.0
p60886.htm#i608859,B12,1285,1345,M,3,4,69,3.0,2.0,44.0,3.0,2.0,61.0,5.0,3.0,35.0
p12006.htm#i120059,B44,1298,1332,M,2,6,39,3.0,4.0,24.0,3.0,4.0,39.0,1.0,3.0,10.0
p40570.htm#i405695,B4,1214,1266,M,4,6,81,4.0,6.0,47.0,4.0,9.0,90.0,1.0,4.0,18.0
p58848.htm#i588473,B16,1256,1287,M,5,2,15,1.0,2.0,11.0,3.0,2.0,15.0,,,
p4316.htm#i43153,B0,1249,1246,M,2,2,54,3.0,2.0,77.0,3.0,2.0,101.0,7.0,1.0,96.0
p65966.htm#i659652,B3,1294,1364,M,4,5,37,2.0,7.0,72.0,3.0,2.0,29.0,6.0,13.0,169.0
p11287.htm#i112867,B1,1098,1157,M,14,11,124,3.0,5.0,17.0,3.0,10.0,52.0,2.0,4.0,7.0
p18700.htm#i186992,B26,1206,1264,M,4,5,108,4.0,1.0,21.0,6.0,1.0,32.0,1.0,1.0,13.0
p11409.htm#i114082,B1,1072,1129,M,7,3,87,2.0,2.0,22.0,2.0,3.0,38.0,1.0,1.0,10.0
p16084.htm#i160834,B25,1174,1232,M,1,4,21,,,,1.0,5.0,47.0,,,
p62942.htm#i629420,B4,1230,1258,M,4,5,110,8.0,5.0,123.0,5.0,4.0,57.0,5.0,9.0,206.0
p10466.htm#i104656,B34,1130,1176,M,5,11,141,5.0,17.0,186.0,3.0,11.0,125.0,8.0,9.0,120.0
p67303.htm#i673026,B16,1202,1260,M,6,3,41,,,,1.0,1.0,6.0,,,
p50630.htm#i506298,B26,1274,1334,M,3,2,48,3.0,2.0,58.0,3.0,1.0,35.0,4.0,2.0,56.0
p4050.htm#i40496,B0,1065,1111,M,5,7,119,10.0,6.0,97.0,6.0,8.0,165.0,1.0,5.0,39.0
p32195.htm#i321944,B26,1264,1324,M,5,2,18,2.0,1.0,10.0,3.0,1.0,13.0,2.0,1.0,8.0
p58175.htm#i581745,B27,1276,1309,M,3,8,71,1.0,3.0,31.0,3.0,6.0,62.0,,,
p12003.htm#i120028,B44,1166,1205,M,4,4,70,3.0,3.0,32.0,4.0,4.0,45.0,1.0,3.0,17.0
p11462.htm#i114615,B1,1191,1225,M,2,2,64,3.0,2.0,54.0,4.0,2.0,111.0,1.0,1.0,17.0
p67331.htm#i673306,B16,1060,1117,M,7,3,35,4.0,2.0,28.0,3.0,2.0,23.0,10.0,1.0,38.0
p70900.htm#i708995,B0,1246,1288,M,3,7,123,,,,5.0,5.0,127.0,,,
p900.htm#i8993,B1,1152,1209,M,2,6,69,5.0,6.0,45.0,5.0,8.0,94.0,1.0,3.0,23.0
p11358.htm#i113575,B34,1130,1160,M,2,14,186,2.0,16.0,228.0,4.0,13.0,154.0,29.0,23.0,394.0
p784.htm#i7833,B1,1298,1360,M,2,11,177,16.0,8.0,225.0,16.0,5.0,249.0,11.0,10.0,234.0
p10210.htm#i102096,B26,1292,1327,M,10,9,161,7.0,8.0,125.0,7.0,5.0,102.0,5.0,9.0,134.0
p11697.htm#i116967,B3,1117,1160,M,3,1,11,3.0,1.0,8.0,2.0,1.0,8.0,3.0,1.0,8.0
p56833.htm#i568328,B112,1280,1334,M,2,7,52,4.0,6.0,41.0,4.0,7.0,65.0,2.0,6.0,27.0
p10551.htm#i105502,B1,1274,1319,M,6,4,154,5.0,6.0,201.0,4.0,4.0,120.0,15.0,8.0,317.0
p4194.htm#i41939,B4,1239,1300,M,2,5,100,3.0,6.0,97.0,3.0,7.0,124.0,2.0,6.0,69.0
p59216.htm#i592160,B0,1280,1356,M,7,7,157,3.0,6.0,121.0,3.0,5.0,132.0,10.0,6.0,215.0
p2648.htm#i26478,B27,1240,1298,M,8,8,158,4.0,3.0,37.0,4.0,2.0,24.0,3.0,3.0,39.0
p10217.htm#i102163,B0,1132,1173,M,5,13,209,4.0,14.0,155.0,5.0,10.0,147.0,10.0,16.0,207.0
p22156.htm#i221552,B0,1160,1204,M,2,2,24,,,,2.0,2.0,12.0,,,
p60229.htm#i602286,B3,1269,1329,M,2,1,6,,,,1.0,1.0,4.0,,,
p10193.htm#i101929,B34,1250,1256,M,2,13,185,8.0,17.0,230.0,8.0,25.0,363.0,7.0,10.0,175.0
p10670.htm#i106699,B27,1058,1104,M,7,5,17,1.0,1.0,1.0,1.0,1.0,1.0,,,
p40547.htm#i405464,B3,1253,1276,M,2,9,79,5.0,8.0,128.0,5.0,10.0,119.0,8.0,11.0,171.0
p58844.htm#i588433,B16,1220,1280,M,4,2,13,1.0,2.0,9.0,3.0,2.0,14.0,,,
p22388.htm#i223878,B27,1199,1259,M,4,3,59,2.0,6.0,85.0,3.0,3.0,32.0,9.0,9.0,190.0
p11406.htm#i114060,B1,1075,1140,M,4,2,77,,,,6.0,3.0,48.0,,,
p60129.htm#i601283,B38,1141,1198,M,4,3,34,2.0,4.0,36.0,2.0,2.0,13.0,3.0,9.0,74.0
p847.htm#i8470,B1,1159,1174,M,2,6,79,7.0,7.0,89.0,7.0,10.0,134.0,5.0,5.0,55.0
p357.htm#i3565,B25,1249,1298,M,4,11,156,4.0,8.0,146.0,5.0,10.0,146.0,8.0,11.0,165.0
p72102.htm#i721019,B27,1188,1242,M,2,5,66,3.0,4.0,44.0,4.0,9.0,93.0,1.0,3.0,15.0
p10686.htm#i106855,B4,1266,1273,M,2,6,110,4.0,7.0,225.0,3.0,8.0,129.0,5.0,6.0,240.0
p11996.htm#i119959,B44,1155,1216,M,2,7,93,7.0,8.0,97.0,4.0,7.0,64.0,1.0,6.0,49.0
p798.htm#i7975,B0,1108,1188,M,3,5,75,,,,,,,,,
p4255.htm#i42541,B0,1145,1181,M,2,5,111,5.0,4.0,121.0,5.0,5.0,106.0,8.0,6.0,147.0
p15193.htm#i151925,B16,1293,1353,M,2,2,19,,,,1.0,3.0,27.0,,,
p10670.htm#i106693,B1,1060,1111,M,2,6,74,1.0,3.0,25.0,4.0,8.0,84.0,,,
p11286.htm#i112852,B26,1040,1100,M,3,2,18,,,,,,,,,
p61970.htm#i619691,B0,1180,1256,M,5,5,127,5.0,7.0,138.0,4.0,4.0,81.0,7.0,8.0,217.0
p16225.htm#i162244,B34,1089,1105,M,2,6,94,2.0,5.0,82.0,11.0,10.0,170.0,,,
p4267.htm#i42661,B0,1239,1278,M,4,5,159,5.0,4.0,133.0,5.0,3.0,87.0,7.0,6.0,154.0
p17620.htm#i176197,B36,1232,1310,M,5,8,87,4.0,5.0,35.0,5.0,8.0,65.0,2.0,3.0,17.0
p11474.htm#i114733,B1,1106,1151,M,3,3,43,,,,2.0,5.0,67.0,,,
p11392.htm#i113920,B1,1072,1136,M,11,7,130,2.0,1.0,5.0,2.0,1.0,7.0,1.0,1.0,4.0
p11452.htm#i114513,B4,1278,1332,M,6,12,209,6.0,4.0,129.0,6.0,6.0,176.0,9.0,4.0,135.0
p4090.htm#i40897,B1,1300,1338,M,2,4,69,3.0,4.0,110.0,3.0,5.0,121.0,7.0,5.0,169.0
p12011.htm#i120106,B4,1283,1349,M,4,8,78,1.0,3.0,34.0,6.0,6.0,96.0,,,
p58971.htm#i589708,B0,1280,1330,M,3,3,131,5.0,5.0,155.0,10.0,4.0,140.0,9.0,6.0,257.0
p4078.htm#i40772,B11,1284,1309,M,5,4,46,3.0,5.0,51.0,3.0,4.0,46.0,11.0,6.0,89.0
p71841.htm#i718410,B27,1290,1343,M,4,21,151,8.0,11.0,152.0,6.0,12.0,112.0,8.0,8.0,137.0
p32799.htm#i327985,B34,1259,1304,M,5,4,35,2.0,3.0,23.0,1.0,1.0,10.0,3.0,5.0,38.0
p1290.htm#i12895,B36,1164,1221,M,6,4,71,7.0,3.0,57.0,10.0,5.0,81.0,1.0,2.0,30.0
p11527.htm#i115266,B4,1225,1269,M,5,4,70,3.0,4.0,53.0,5.0,6.0,106.0,5.0,4.0,58.0
p4245.htm#i42447,B0,1146,1206,M,3,5,126,8.0,5.0,133.0,8.0,5.0,117.0,8.0,6.0,156.0
p1960.htm#i19600,B26,1157,1183,M,3,5,30,1.0,3.0,14.0,3.0,5.0,28.0,,,
p15530.htm#i155291,B25,1291,1351,M,2,4,46,3.0,1.0,22.0,4.0,1.0,34.0,2.0,1.0,17.0
p15187.htm#i151863,B3,1272,1295,M,2,6,84,3.0,7.0,80.0,6.0,11.0,117.0,11.0,9.0,86.0
p1660.htm#i16591,B0,1272,1328,M,7,5,184,7.0,7.0,229.0,8.0,6.0,240.0,12.0,11.0,339.0
p58996.htm#i589955,B26,1218,1275,M,2,1,6,,,,1.0,1.0,4.0,,,
p15059.htm#i150584,B0,1060,1119,M,7,3,63,3.0,4.0,71.0,3.0,3.0,41.0,5.0,5.0,119.0
p10781.htm#i107807,B44,1221,1296,M,5,14,255,4.0,6.0,152.0,7.0,6.0,137.0,9.0,7.0,185.0
p742.htm#i7417,B1,1260,1307,M,3,8,183,5.0,16.0,265.0,6.0,9.0,168.0,13.0,17.0,367.0
p62.htm#i617,B3,1113,1160,M,2,4,22,3.0,3.0,16.0,2.0,2.0,8.0,1.0,2.0,8.0
p15192.htm#i151917,B16,1100,1160,M,3,3,49,,,,2.0,2.0,28.0,,,
p4723.htm#i47225,B34,1288,1307,M,3,8,68,3.0,8.0,82.0,3.0,9.0,69.0,4.0,9.0,89.0
p15014.htm#i150133,B15,1108,1166,M,1,1,6,,,,1.0,1.0,6.0,,,
p11337.htm#i113364,B4,1262,1327,M,10,12,273,3.0,6.0,127.0,3.0,7.0,161.0,4.0,6.0,182.0
p11362.htm#i113614,B4,1219,1279,M,4,5,94,1.0,2.0,23.0,3.0,3.0,41.0,,,
p10240.htm#i102393,B4,1258,1296,M,10,4,201,8.0,5.0,191.0,14.0,5.0,191.0,14.0,8.0,235.0
p10260.htm#i102597,B3,1136,1203,M,3,11,125,4.0,3.0,27.0,10.0,4.0,36.0,1.0,2.0,21.0
p19828.htm#i198279,B26,1099,1131,M,3,3,30,3.0,3.0,22.0,6.0,4.0,45.0,1.0,2.0,12.0
p49170.htm#i491691,B38,1163,1219,M,2,1,10,2.0,1.0,9.0,2.0,1.0,15.0,1.0,1.0,5.0
p10694.htm#i106932,B25,1278,1316,M,8,16,249,3.0,8.0,125.0,3.0,9.0,109.0,7.0,12.0,193.0
p15042.htm#i150414,B4,1123,1166,M,1,3,28,,,,2.0,3.0,37.0,,,
p490.htm#i4896,B26,1286,1376,M,2,3,14,,,,2.0,7.0,37.0,,,
p27440.htm#i274400,B25,1250,1307,M,3,2,25,1.0,1.0,1.0,0.0,1.0,0.0,1.0,1.0,14.0
p4282.htm#i42812,B1,1227,1240,M,2,4,38,3.0,4.0,33.0,6.0,3.0,37.0,3.0,6.0,42.0
p11288.htm#i112874,B1,1280,1321,M,4,7,162,5.0,5.0,127.0,5.0,4.0,127.0,15.0,6.0,202.0
p366.htm#i3656,B4,1154,1218,M,8,11,184,5.0,7.0,74.0,5.0,7.0,140.0,1.0,5.0,35.0
p30068.htm#i300673,B38,1174,1238,M,3,1,30,,,,3.0,1.0,22.0,,,
p65424.htm#i654238,B3,1170,1236,M,3,2,16,,,,1.0,1.0,6.0,,,
p22389.htm#i223881,B27,1244,1304,M,3,1,17,,,,1.0,1.0,11.0,,,
p10459.htm#i104588,B4,1240,1271,M,2,12,179,7.0,22.0,330.0,6.0,13.0,173.0,22.0,34.0,586.0
p11378.htm#i113774,B4,1189,1249,M,5,1,59,2.0,1.0,12.0,3.0,2.0,24.0,1.0,1.0,7.0
p67303.htm#i673025,B16,1150,1210,M,2,2,18,,,,1.0,1.0,14.0,,,
p11478.htm#i114774,B1,1219,1248,M,2,1,48,4.0,1.0,34.0,5.0,3.0,43.0,3.0,2.0,44.0
p30136.htm#i301355,B38,1094,1140,M,4,1,21,2.0,1.0,17.0,3.0,1.0,22.0,2.0,1.0,11.0
p67332.htm#i673316,B16,1174,1228,M,3,2,18,2.0,2.0,18.0,1.0,2.0,12.0,3.0,2.0,26.0
p39238.htm#i392376,B26,1285,1368,M,7,9,97,4.0,6.0,111.0,4.0,4.0,67.0,10.0,8.0,176.0
p4314.htm#i43134,B0,1215,1301,M,6,3,120,3.0,3.0,105.0,3.0,3.0,67.0,8.0,4.0,140.0
p64710.htm#i647099,B0,1170,1218,M,6,1,46,1.0,1.0,20.0,3.0,3.0,41.0,,,
p846.htm#i8456,B0,1292,1362,M,5,7,21,0.0,1.0,0.0,2.0,6.0,30.0,,,
p10547.htm#i105463,B1,1170,1241,M,12,9,288,6.0,5.0,109.0,6.0,7.0,108.0,2.0,2.0,84.0
p795.htm#i7943,B16,1189,1243,M,6,6,69,,,,1.0,2.0,19.0,,,
p414.htm#i4134,B34,1217,1261,M,2,11,73,3.0,7.0,49.0,3.0,12.0,130.0,3.0,4.0,31.0
p4088.htm#i40874,B1,1269,1307,M,2,2,89,4.0,6.0,112.0,4.0,4.0,134.0,4.0,7.0,171.0
p39263.htm#i392623,B26,1256,1320,M,2,1,6,,,,1.0,1.0,4.0,,,
p51099.htm#i510988,B15,1266,1322,M,1,1,7,,,,1.0,1.0,4.0,,,
p15842.htm#i158413,B34,1280,1307,M,2,11,103,6.0,5.0,112.0,5.0,9.0,145.0,7.0,6.0,114.0
p10220.htm#i102200,B4,1126,1194,M,8,7,150,1.0,2.0,24.0,3.0,7.0,74.0,,,
p80.htm#i793,B34,1247,1325,M,8,15,153,3.0,9.0,69.0,3.0,10.0,39.0,7.0,15.0,166.0
p61721.htm#i617208,B0,1288,1350,M,4,5,33,1.0,4.0,22.0,3.0,4.0,58.0,,,
p778.htm#i7772,B1,1296,1352,M,6,6,152,3.0,4.0,152.0,3.0,4.0,174.0,13.0,6.0,213.0
p40566.htm#i405652,B34,1120,1190,M,5,7,51,4.0,9.0,96.0,4.0,8.0,45.0,9.0,11.0,178.0
p59549.htm#i595487,B3,1245,1304,M,2,7,84,4.0,9.0,82.0,2.0,11.0,123.0,14.0,4.0,55.0
p10550.htm#i105493,B1,1252,1279,M,2,4,142,7.0,5.0,156.0,6.0,6.0,200.0,7.0,5.0,121.0
p40231.htm#i402306,B4,1158,1218,M,4,3,37,1.0,2.0,16.0,3.0,3.0,43.0,,,
p459.htm#i4584,B26,1128,1185,M,2,4,40,,,,3.0,13.0,91.0,,,
p10254.htm#i102536,B4,1216,1250,M,5,6,205,5.0,12.0,212.0,5.0,5.0,198.0,15.0,14.0,240.0
p10474.htm#i104732,B26,1070,1118,M,2,10,115,4.0,6.0,63.0,8.0,7.0,69.0,6.0,7.0,85.0
p26757.htm#i267564,B25,1152,1208,M,2,4,29,3.0,4.0,19.0,4.0,4.0,44.0,1.0,2.0,11.0
p57107.htm#i571068,B26,1103,1158,M,2,2,28,,,,1.0,6.0,42.0,,,
p32797.htm#i327970,B6,1281,1334,M,6,12,81,3.0,8.0,60.0,4.0,7.0,52.0,9.0,8.0,88.0
p1291.htm#i12908,B36,1264,1289,M,2,6,52,9.0,5.0,60.0,9.0,8.0,99.0,1.0,5.0,25.0
p66.htm#i656,B26,1286,1324,M,4,20,161,3.0,11.0,151.0,5.0,9.0,116.0,10.0,17.0,307.0
p64.htm#i638,B3,1180,1215,M,2,6,41,2.0,4.0,24.0,3.0,4.0,32.0,1.0,2.0,9.0
p4184.htm#i41831,B1,1255,1310,M,3,7,143,6.0,7.0,121.0,5.0,6.0,175.0,9.0,6.0,139.0
p10678.htm#i106775,B4,1126,1178,M,2,9,111,1.0,5.0,23.0,4.0,9.0,154.0,,,
p67322.htm#i673212,B16,1280,1366,M,11,8,70,2.0,1.0,27.0,4.0,1.0,40.0,,,
p10318.htm#i103173,B4,1057,1102,M,4,10,135,5.0,8.0,137.0,4.0,9.0,184.0,9.0,6.0,110.0
p44944.htm#i449435,B27,1219,1279,M,2,2,31,3.0,2.0,22.0,4.0,3.0,49.0,1.0,1.0,11.0
p4035.htm#i40349,B1,1271,1308,M,2,2,109,4.0,2.0,109.0,4.0,5.0,175.0,5.0,2.0,91.0
p66141.htm#i661408,B26,1287,1327,M,2,11,70,5.0,10.0,55.0,5.0,11.0,81.0,2.0,11.0,53.0
p66330.htm#i663295,B27,1122,1175,M,3,8,89,4.0,6.0,92.0,5.0,7.0,77.0,6.0,8.0,101.0
p11360.htm#i113594,B34,1114,1192,M,7,10,174,3.0,3.0,52.0,3.0,4.0,52.0,8.0,4.0,69.0
p4253.htm#i42529,B0,1175,1243,M,2,3,135,6.0,3.0,126.0,6.0,5.0,134.0,12.0,3.0,167.0
p11413.htm#i114130,B1,1208,1241,M,3,4,114,6.0,4.0,67.0,8.0,5.0,151.0,1.0,3.0,23.0
p67304.htm#i673038,B16,1280,1340,M,2,3,22,1.0,2.0,8.0,2.0,2.0,13.0,,,
p2587.htm#i25866,B26,1264,1320,M,2,9,97,6.0,10.0,140.0,5.0,6.0,91.0,5.0,16.0,237.0
p11302.htm#i113015,B1,1185,1217,M,4,7,58,4.0,7.0,80.0,6.0,7.0,59.0,9.0,5.0,92.0
p10544.htm#i105434,B1,1083,1127,M,3,4,95,4.0,7.0,150.0,3.0,5.0,118.0,9.0,9.0,215.0
p1651.htm#i16503,B0,1254,1296,M,6,9,201,3.0,9.0,145.0,3.0,6.0,131.0,12.0,9.0,250.0
p11409.htm#i114089,B1,1072,1114,M,6,7,115,2.0,2.0,22.0,2.0,3.0,38.0,1.0,1.0,10.0
p453.htm#i4523,B4,1192,1241,M,4,7,87,3.0,7.0,106.0,3.0,5.0,45.0,5.0,15.0,231.0
p787.htm#i7866,B1,1296,1341,M,3,6,97,,,,2.0,3.0,54.0,,,
p11335.htm#i113341,B4,1239,1285,M,9,7,248,7.0,5.0,179.0,11.0,6.0,182.0,12.0,6.0,221.0
p10483.htm#i104828,B27,1082,1140,M,3,4,70,5.0,4.0,69.0,6.0,9.0,112.0,6.0,3.0,34.0
p58177.htm#i581769,B27,1174,1237,M,4,7,38,3.0,2.0,11.0,1.0,1.0,9.0,5.0,2.0,17.0
p10692.htm#i106914,B26,1291,1367,M,15,27,188,3.0,2.0,24.0,4.0,4.0,33.0,4.0,2.0,20.0
p56808.htm#i568078,B3,1254,1309,M,3,1,14,3.0,1.0,10.0,4.0,1.0,13.0,1.0,1.0,7.0
p11465.htm#i114643,B1,1208,1248,M,4,1,49,2.0,1.0,23.0,3.0,1.0,63.0,1.0,1.0,8.0
p71228.htm#i712271,B26,1218,1275,M,1,1,6,,,,1.0,1.0,4.0,,,
p19627.htm#i196263,B4,1288,1330,M,2,3,23,2.0,1.0,9.0,4.0,3.0,17.0,,,
p53224.htm#i532240,B0,1164,1192,M,2,3,62,3.0,4.0,75.0,4.0,6.0,75.0,6.0,4.0,117.0
p22869.htm#i228681,B0,1144,1181,M,2,5,111,4.0,4.0,118.0,4.0,5.0,104.0,8.0,6.0,144.0
p4284.htm#i42831,B1,1070,1130,M,4,7,68,2.0,3.0,23.0,2.0,6.0,86.0,1.0,2.0,10.0
p52904.htm#i529034,B26,1191,1248,M,2,6,81,4.0,5.0,64.0,4.0,1.0,14.0,3.0,7.0,113.0
p11335.htm#i113343,B1,1232,1266,M,4,6,189,1.0,6.0,24.0,8.0,16.0,272.0,,,
p59550.htm#i595491,B3,1290,1347,M,5,3,42,2.0,2.0,35.0,4.0,7.0,80.0,,,
p902.htm#i9019,B1,1152,1213,M,5,3,104,3.0,5.0,116.0,2.0,2.0,61.0,8.0,6.0,170.0
p11997.htm#i119966,B44,1125,1184,M,5,4,43,5.0,2.0,20.0,6.0,3.0,26.0,1.0,1.0,11.0
p10191.htm#i101903,B34,1239,1307,M,24,17,485,3.0,15.0,157.0,3.0,22.0,287.0,7.0,8.0,138.0
p4184.htm#i41833,B1,1255,1292,M,3,6,120,6.0,7.0,121.0,5.0,6.0,175.0,9.0,6.0,139.0
p4253.htm#i42526,B0,1175,1261,M,4,3,136,6.0,3.0,126.0,6.0,5.0,134.0,12.0,3.0,167.0
p797.htm#i7970,B1,1107,1167,M,2,5,43,1.0,1.0,1.0,2.0,5.0,66.0,1.0,1.0,1.0
p4098.htm#i40978,B1,1300,1367,M,4,9,118,4.0,2.0,143.0,5.0,3.0,129.0,7.0,6.0,226.0
p11462.htm#i114613,B1,1159,1195,M,3,2,116,4.0,4.0,102.0,10.0,3.0,142.0,5.0,6.0,120.0
p11418.htm#i114175,B4,1298,1328,M,6,8,251,3.0,7.0,167.0,4.0,7.0,151.0,9.0,7.0,290.0
p58995.htm#i589945,B26,1072,1132,M,5,4,14,,,,1.0,5.0,33.0,,,
p67270.htm#i672694,B16,1082,1142,M,1,1,8,,,,1.0,1.0,17.0,,,
p897.htm#i8968,B1,1046,1107,M,4,6,63,4.0,6.0,74.0,6.0,8.0,53.0,5.0,7.0,99.0
p58847.htm#i588470,B16,1202,1256,M,2,2,12,2.0,2.0,9.0,4.0,2.0,13.0,,,
p11288.htm#i112872,B1,1213,1266,M,15,7,270,4.0,6.0,125.0,4.0,6.0,90.0,6.0,10.0,173.0
p10224.htm#i102233,B0,1284,1299,M,3,10,174,4.0,7.0,134.0,5.0,7.0,160.0,19.0,8.0,233.0
p10472.htm#i104714,B34,1118,1179,M,2,15,159,10.0,13.0,99.0,10.0,16.0,189.0,3.0,5.0,53.0
p11864.htm#i118634,B33,1274,1283,M,2,4,27,3.0,10.0,67.0,3.0,5.0,26.0,1.0,4.0,22.0
p35429.htm#i354289,B25,1220,1278,M,2,3,54,2.0,2.0,22.0,4.0,4.0,40.0,,,
p67305.htm#i673048,B16,1228,1285,M,2,3,28,,,,3.0,3.0,31.0,,,
p10470.htm#i104697,B34,1086,1135,M,3,16,224,0.0,1.0,0.0,4.0,10.0,154.0,,,
p67259.htm#i672584,B11,1234,1298,M,2,3,58,9.0,3.0,63.0,1.0,3.0,39.0,4.0,5.0,68.0
p11334.htm#i113331,B4,1154,1211,M,9,7,168,5.0,6.0,115.0,5.0,7.0,113.0,5.0,6.0,143.0
p359.htm#i3582,B0,1217,1281,M,8,10,247,5.0,5.0,119.0,9.0,4.0,147.0,3.0,5.0,115.0
p10771.htm#i107706,B26,1108,1155,M,6,8,88,5.0,6.0,69.0,4.0,7.0,99.0,5.0,5.0,57.0
p15227.htm#i152266,B1,1188,1241,M,2,1,9,,,,1.0,2.0,21.0,,,
p4178.htm#i41771,B3,1271,1332,M,2,12,120,6.0,11.0,156.0,6.0,13.0,126.0,14.0,17.0,251.0
p19080.htm#i190795,B34,1188,1250,M,2,9,98,6.0,13.0,137.0,5.0,9.0,125.0,8.0,18.0,228.0
p8701.htm#i87008,B11,1289,1291,M,2,3,68,7.0,4.0,127.0,6.0,4.0,103.0,11.0,4.0,127.0
p59402.htm#i594014,B0,1150,1207,M,11,7,111,3.0,3.0,46.0,6.0,5.0,88.0,,,
p4037.htm#i40367,B1,1283,1296,M,2,2,83,9.0,6.0,134.0,9.0,4.0,154.0,4.0,7.0,191.0
p24819.htm#i248189,B34,1100,1143,M,6,4,32,1.0,4.0,21.0,3.0,6.0,46.0,,,
p11697.htm#i116965,B3,1181,1261,M,2,4,22,,,,1.0,1.0,10.0,,,
p10458.htm#i104572,B4,1269,1312,M,2,6,166,7.0,14.0,242.0,6.0,8.0,125.0,12.0,25.0,462.0
p33519.htm#i335186,B25,1290,1309,M,2,7,82,5.0,10.0,111.0,4.0,6.0,80.0,10.0,13.0,157.0
p10217.htm#i102161,B4,1099,1171,M,2,9,178,13.0,13.0,172.0,14.0,9.0,125.0,13.0,16.0,242.0
p10463.htm#i104622,B4,1199,1199,M,2,9,153,7.0,22.0,292.0,9.0,12.0,228.0,20.0,35.0,508.0
p60229.htm#i602285,B3,1299,1359,M,2,1,6,,,,1.0,1.0,4.0,,,
p11527.htm#i115270,B4,1118,1162,M,4,4,110,3.0,2.0,24.0,4.0,4.0,58.0,2.0,1.0,11.0
p61481.htm#i614810,B34,1100,1191,M,7,7,213,5.0,5.0,48.0,1.0,2.0,21.0,7.0,8.0,97.0
p4072.htm#i40711,B11,1279,1300,M,2,4,111,7.0,8.0,228.0,9.0,4.0,114.0,13.0,12.0,357.0
p11304.htm#i113031,B1,1204,1263,M,10,4,95,1.0,1.0,21.0,3.0,1.0,43.0,,,
p4267.htm#i42663,B4,1265,1337,M,3,16,251,5.0,6.0,131.0,14.0,5.0,153.0,8.0,6.0,195.0
p67321.htm#i673207,B16,1120,1176,M,2,1,34,2.0,1.0,18.0,3.0,2.0,26.0,1.0,1.0,7.0
p61959.htm#i619583,B38,1274,1334,M,1,4,30,,,,1.0,1.0,8.0,,,
p26767.htm#i267668,B25,1270,1345,M,6,4,61,3.0,1.0,18.0,5.0,1.0,31.0,,,
p66332.htm#i663316,B27,1147,1214,M,2,6,33,2.0,6.0,53.0,1.0,5.0,27.0,10.0,7.0,114.0
p795.htm#i7950,B0,1168,1222,M,6,10,206,7.0,13.0,159.0,7.0,10.0,102.0,11.0,16.0,201.0
p46547.htm#i465461,B34,1066,1117,M,2,3,40,3.0,4.0,33.0,1.0,2.0,20.0,9.0,7.0,76.0
p26747.htm#i267467,B26,1100,1166,M,3,3,35,,,,4.0,8.0,42.0,,,
p4250.htm#i42500,B1,1267,1290,M,3,5,116,3.0,4.0,54.0,7.0,6.0,110.0,,,
p3784.htm#i37833,B4,1283,1320,M,2,3,131,,,,7.0,7.0,239.0,,,
p666.htm#i6659,B4,1244,1263,M,2,6,76,3.0,6.0,85.0,7.0,7.0,164.0,1.0,3.0,31.0
p1935.htm#i19347,B36,1277,1318,M,8,4,54,3.0,8.0,84.0,3.0,3.0,39.0,7.0,8.0,117.0
p10470.htm#i104696,B34,1105,1187,M,2,16,300,5.0,12.0,78.0,24.0,19.0,265.0,1.0,6.0,33.0
p4245.htm#i42442,B0,1060,1115,M,7,6,81,4.0,1.0,11.0,6.0,2.0,12.0,,,
p36859.htm#i368588,B34,1110,1166,M,5,12,135,8.0,10.0,112.0,3.0,7.0,42.0,4.0,11.0,148.0
p70165.htm#i701648,B6,1176,1232,M,4,2,35,4.0,1.0,21.0,3.0,2.0,20.0,4.0,1.0,19.0
p903.htm#i9028,B1,1234,1292,M,2,5,34,3.0,5.0,13.0,3.0,7.0,46.0,2.0,3.0,8.0
p15193.htm#i151924,B16,1298,1353,M,1,2,17,,,,1.0,3.0,30.0,,,
p10529.htm#i105285,B26,1096,1153,M,9,10,140,3.0,11.0,76.0,3.0,8.0,101.0,10.0,10.0,86.0
p11408.htm#i114077,B1,1132,1163,M,2,3,40,3.0,1.0,30.0,5.0,2.0,54.0,,,
p4254.htm#i42539,B0,1146,1208,M,3,5,126,8.0,5.0,133.0,8.0,5.0,117.0,8.0,6.0,156.0
p4200.htm#i41997,B4,1267,1330,M,11,18,302,7.0,8.0,160.0,16.0,6.0,183.0,8.0,8.0,205.0
p11462.htm#i114616,B1,1190,1239,M,7,2,71,2.0,2.0,53.0,3.0,2.0,110.0,1.0,1.0,16.0
p10194.htm#i101931,B34,1251,1256,M,2,13,185,9.0,17.0,246.0,9.0,25.0,380.0,7.0,10.0,186.0
p4186.htm#i41857,B1,1256,1285,M,2,3,74,3.0,7.0,117.0,1.0,3.0,38.0,12.0,9.0,260.0
p10548.htm#i105472,B1,1200,1255,M,2,7,182,3.0,13.0,224.0,5.0,9.0,196.0,16.0,14.0,301.0
p534.htm#i5333,B1,1250,1318,M,6,8,303,12.0,7.0,213.0,14.0,7.0,215.0,12.0,9.0,319.0
p3204.htm#i32039,B27,1270,1315,M,11,17,247,8.0,7.0,150.0,7.0,5.0,97.0,7.0,7.0,186.0
p10465.htm#i104644,B34,1177,1177,M,2,10,121,4.0,12.0,234.0,3.0,19.0,217.0,11.0,19.0,382.0
p11395.htm#i113945,B1,1158,1195,M,4,7,131,3.0,7.0,73.0,3.0,10.0,122.0,12.0,4.0,62.0
p4165.htm#i41650,B34,1080,1140,M,4,13,139,1.0,3.0,14.0,3.0,3.0,36.0,,,
p894.htm#i8931,solo_PL2934,1054,1114,M,1,3,13,,,,,,,,,
p10916.htm#i109156,B26,1236,1297,M,8,11,147,3.0,2.0,50.0,2.0,2.0,34.0,11.0,4.0,78.0
p55670.htm#i556697,B26,1267,1327,M,1,2,28,,,,2.0,4.0,34.0,,,
p61057.htm#i610570,B3,1281,1336,M,6,2,19,2.0,1.0,10.0,3.0,1.0,13.0,1.0,1.0,7.0
p11286.htm#i112856,B1,1085,1138,M,12,5,142,3.0,4.0,49.0,5.0,5.0,82.0,3.0,2.0,33.0
p10485.htm#i104848,B34,1291,1314,M,3,17,242,4.0,9.0,241.0,6.0,11.0,233.0,21.0,14.0,388.0
p11469.htm#i114688,B1,1276,1339,M,2,3,43,2.0,1.0,25.0,3.0,1.0,42.0,1.0,1.0,12.0
p377.htm#i3761,B34,1069,1125,M,3,5,61,,,,,,,,,
p70422.htm#i704213,B34,1045,1105,M,2,7,50,,,,,,,,,
p407.htm#i4070,B34,1155,1166,M,2,7,85,4.0,9.0,123.0,4.0,14.0,166.0,6.0,13.0,148.0
p775.htm#i7748,B1,1295,1318,M,2,4,121,5.0,5.0,151.0,5.0,4.0,195.0,6.0,5.0,149.0
p10296.htm#i102959,B27,1282,1329,M,4,5,49,3.0,9.0,68.0,3.0,3.0,32.0,2.0,9.0,66.0
p358.htm#i3574,B26,1267,1301,M,8,13,100,5.0,8.0,86.0,3.0,7.0,76.0,10.0,12.0,141.0
p15169.htm#i151689,B36,1225,1285,M,11,9,102,2.0,5.0,30.0,3.0,8.0,59.0,2.0,3.0,13.0
p10773.htm#i107729,B4,1119,1179,M,4,9,82,3.0,6.0,42.0,3.0,9.0,111.0,7.0,5.0,26.0
p4186.htm#i41851,B0,1265,1324,M,5,2,111,3.0,1.0,32.0,3.0,1.0,64.0,2.0,1.0,12.0
p64038.htm#i640371,B26,1300,1346,M,4,6,59,3.0,3.0,65.0,2.0,1.0,22.0,3.0,4.0,85.0
p59549.htm#i595486,B3,1250,1306,M,5,7,84,6.0,9.0,86.0,4.0,11.0,129.0,14.0,4.0,58.0
p11405.htm#i114043,B1,1174,1199,M,2,4,67,3.0,7.0,94.0,3.0,7.0,113.0,7.0,6.0,123.0
p48888.htm#i488880,B0,1253,1302,M,7,5,154,4.0,3.0,135.0,6.0,5.0,141.0,5.0,4.0,165.0
p38907.htm#i389068,B3,1271,1331,M,3,4,36,2.0,8.0,96.0,1.0,4.0,34.0,8.0,12.0,215.0
p10781.htm#i107810,B4,1225,1305,M,20,11,345,7.0,4.0,109.0,4.0,4.0,48.0,5.0,9.0,197.0
p4097.htm#i40966,B1,1230,1298,M,4,2,155,11.0,3.0,122.0,12.0,4.0,127.0,7.0,5.0,187.0
p58174.htm#i581732,B27,1126,1162,M,4,6,83,3.0,5.0,82.0,3.0,6.0,73.0,5.0,6.0,107.0
p1290.htm#i12899,B36,1110,1194,M,11,6,92,3.0,8.0,50.0,3.0,4.0,29.0,7.0,9.0,81.0
p60459.htm#i604584,B0,1300,1364,M,4,5,44,1.0,2.0,13.0,3.0,3.0,46.0,,,
p10209.htm#i102089,B26,1274,1329,M,15,19,271,12.0,6.0,120.0,13.0,11.0,174.0,3.0,5.0,77.0
p70430.htm#i704292,B34,1121,1144,M,2,7,98,5.0,6.0,105.0,5.0,6.0,123.0,8.0,7.0,142.0
p15042.htm#i150413,B4,1110,1144,M,3,4,49,3.0,3.0,31.0,3.0,7.0,57.0,3.0,3.0,15.0
p60994.htm#i609938,B3,1272,1331,M,2,3,29,3.0,2.0,22.0,4.0,3.0,42.0,1.0,1.0,7.0
p10775.htm#i107749,B26,1189,1246,M,2,11,160,5.0,11.0,132.0,8.0,16.0,190.0,9.0,8.0,155.0
p5782.htm#i57817,B38,1295,1322,M,3,7,46,3.0,3.0,26.0,2.0,2.0,13.0,4.0,3.0,26.0
p60448.htm#i604478,B0,1140,1221,M,11,5,166,2.0,3.0,42.0,5.0,4.0,87.0,,,
p660.htm#i6591,B26,1172,1239,M,3,4,32,3.0,2.0,16.0,4.0,2.0,13.0,4.0,2.0,18.0
p11414.htm#i114135,B1,1166,1232,M,3,2,54,,,,1.0,3.0,44.0,,,
p4177.htm#i41769,B3,1271,1332,M,2,12,120,6.0,11.0,156.0,6.0,13.0,126.0,14.0,17.0,251.0
p60449.htm#i604483,B0,1145,1225,M,4,1,31,1.0,1.0,27.0,3.0,2.0,61.0,,,
p846.htm#i8454,B0,1238,1310,M,3,7,32,4.0,6.0,20.0,4.0,6.0,31.0,2.0,5.0,17.0
p11408.htm#i114078,B1,1131,1165,M,3,5,67,2.0,1.0,29.0,4.0,2.0,53.0,,,
p11478.htm#i114780,B1,1248,1309,M,4,1,44,4.0,1.0,36.0,5.0,1.0,49.0,4.0,1.0,28.0
p35874.htm#i358739,B25,1235,1346,M,3,3,75,,,,8.0,4.0,48.0,,,
p247.htm#i2470,B44,1265,1326,M,2,5,68,3.0,3.0,29.0,5.0,5.0,71.0,1.0,3.0,13.0
p10468.htm#i104676,B34,1103,1157,M,6,16,304,7.0,3.0,14.0,19.0,15.0,223.0,2.0,3.0,15.0
p10680.htm#i106793,B27,1172,1232,M,3,10,199,4.0,6.0,62.0,5.0,6.0,105.0,3.0,5.0,51.0
p60230.htm#i602297,B3,1120,1224,M,2,1,5,,,,1.0,1.0,6.0,,,
p11460.htm#i114594,B1,1138,1194,M,5,3,129,7.0,3.0,91.0,11.0,5.0,141.0,1.0,1.0,43.0
p10239.htm#i102385,B4,1294,1328,M,7,7,189,4.0,9.0,184.0,4.0,5.0,200.0,5.0,10.0,191.0
p59337.htm#i593369,B0,1050,1118,M,2,2,41,1.0,1.0,8.0,3.0,1.0,13.0,,,
p73005.htm#i730046,B34,1270,1333,M,4,7,61,3.0,5.0,37.0,4.0,8.0,88.0,4.0,4.0,22.0
p4216.htm#i42155,B34,1174,1230,M,6,7,137,4.0,6.0,133.0,4.0,14.0,225.0,7.0,8.0,143.0
p43905.htm#i439048,B38,1191,1241,M,6,9,77,3.0,5.0,41.0,3.0,5.0,32.0,8.0,5.0,52.0
p10543.htm#i105430,B1,1062,1134,M,5,8,138,,,,10.0,7.0,124.0,,,
p10682.htm#i106814,B34,1231,1304,M,8,18,339,9.0,13.0,218.0,5.0,14.0,229.0,12.0,13.0,247.0
p11480.htm#i114798,B1,1246,1304,M,4,2,45,3.0,1.0,26.0,5.0,1.0,41.0,1.0,1.0,16.0
p11367.htm#i113670,B4,1290,1329,M,5,8,75,1.0,5.0,50.0,3.0,7.0,141.0,,,
p10772.htm#i107715,B26,1117,1178,M,2,8,77,4.0,5.0,57.0,5.0,7.0,109.0,3.0,3.0,26.0
p1700.htm#i16995,B27,1134,1190,M,6,9,116,3.0,8.0,62.0,4.0,10.0,94.0,3.0,5.0,37.0
p10914.htm#i109134,B26,1161,1210,M,5,2,48,4.0,3.0,26.0,4.0,4.0,36.0,2.0,2.0,19.0
p68851.htm#i688501,B0,1240,1300,M,4,1,9,1.0,1.0,6.0,2.0,1.0,8.0,,,
p2953.htm#i29527,B44,1252,1327,M,7,10,81,2.0,3.0,24.0,4.0,4.0,63.0,1.0,3.0,9.0
p60129.htm#i601285,B38,1163,1213,M,4,6,38,2.0,2.0,8.0,2.0,2.0,14.0,0.0,1.0,0.0
p15843.htm#i158422,B34,1030,1101,M,3,7,43,,,,,,,,,
p10768.htm#i107678,B26,1089,1149,M,3,3,27,1.0,8.0,32.0,0.0,1.0,0.0,10.0,10.0,79.0
p15190.htm#i151891,B11,1265,1325,M,5,4,92,5.0,10.0,91.0,3.0,8.0,51.0,6.0,6.0,94.0
p68850.htm#i688498,B0,1145,1211,M,4,1,15,1.0,1.0,11.0,3.0,3.0,30.0,,,
p10545.htm#i105450,B229,1064,1124,M,1,2,13,,,,,,,,,
p10191.htm#i101907,B34,1266,1271,M,2,4,136,5.0,6.0,194.0,5.0,13.0,266.0,17.0,9.0,276.0
p10786.htm#i107853,B1,1278,1318,M,5,7,149,4.0,5.0,123.0,4.0,4.0,124.0,15.0,6.0,197.0
p63.htm#i621,B3,1113,1164,M,2,4,23,3.0,3.0,16.0,2.0,2.0,8.0,1.0,2.0,8.0
p19828.htm#i198280,B26,1120,1156,M,2,4,32,,,,2.0,3.0,27.0,,,
p15186.htm#i151858,B38,1279,1311,M,3,7,70,3.0,7.0,45.0,1.0,3.0,20.0,4.0,9.0,54.0
p58972.htm#i589716,B0,1286,1353,M,3,9,136,6.0,2.0,77.0,7.0,1.0,89.0,8.0,3.0,132.0
p10216.htm#i102157,B26,1085,1153,M,7,12,189,10.0,9.0,103.0,14.0,10.0,120.0,6.0,8.0,100.0
p15007.htm#i150066,B15,1084,1136,M,1,1,7,,,,2.0,1.0,8.0,,,
p11467.htm#i114664,B1,1267,1306,M,5,2,55,4.0,1.0,39.0,8.0,1.0,64.0,1.0,1.0,21.0
p11430.htm#i114294,B0,1132,1191,M,4,11,209,4.0,14.0,155.0,5.0,10.0,147.0,10.0,16.0,207.0
p39200.htm#i391998,B6,1069,1129,M,4,2,19,1.0,2.0,14.0,3.0,2.0,22.0,,,
p24827.htm#i248267,B4,1215,1282,M,5,5,105,7.0,4.0,57.0,8.0,8.0,147.0,1.0,2.0,18.0
p67333.htm#i673326,B16,1088,1123,M,3,3,41,2.0,3.0,52.0,3.0,3.0,47.0,6.0,4.0,68.0
p70350.htm#i703499,B25,1230,1294,M,2,8,86,1.0,7.0,47.0,7.0,10.0,126.0,,,
p10467.htm#i104667,B220,1116,1176,M,2,4,41,4.0,13.0,78.0,1.0,4.0,31.0,1.0,4.0,31.0
p10310.htm#i103092,B4,1081,1137,M,11,10,192,3.0,7.0,94.0,4.0,12.0,160.0,7.0,6.0,82.0
p51068.htm#i510680,B26,1262,1317,M,7,4,63,4.0,4.0,98.0,3.0,3.0,49.0,4.0,5.0,98.0
p40568.htm#i405674,B34,1267,1327,M,3,5,61,0.0,1.0,0.0,4.0,11.0,154.0,,,
p4098.htm#i40975,B1,1260,1316,M,6,3,139,3.0,3.0,100.0,3.0,2.0,125.0,9.0,5.0,137.0
p365.htm#i3647,B0,1210,1234,M,7,6,144,4.0,6.0,96.0,5.0,10.0,184.0,10.0,7.0,113.0
p895.htm#i8948,B1,1047,1116,M,3,6,34,0.0,1.0,0.0,2.0,7.0,36.0,,,
p1901.htm#i19010,B34,1170,1198,M,2,6,36,1.0,5.0,21.0,3.0,6.0,65.0,,,
p39325.htm#i393248,B6,1260,1326,M,5,10,79,1.0,4.0,21.0,4.0,5.0,43.0,,,
p4298.htm#i42973,B0,1205,1242,M,5,4,142,6.0,3.0,161.0,7.0,4.0,139.0,12.0,5.0,202.0
p67325.htm#i673246,B16,1156,1216,M,6,2,51,1.0,1.0,5.0,1.0,1.0,13.0,2.0,1.0,8.0
p65590.htm#i655896,B25,1300,1338,M,2,4,58,3.0,3.0,46.0,3.0,5.0,80.0,4.0,3.0,56.0
p39903.htm#i399022,B26,1257,1312,M,5,5,107,2.0,4.0,45.0,4.0,5.0,75.0,2.0,2.0,16.0
p898.htm#i8978,B1,1128,1185,M,6,10,162,3.0,9.0,73.0,3.0,7.0,52.0,4.0,7.0,83.0
p11476.htm#i114752,B1,1194,1229,M,2,3,46,4.0,3.0,34.0,6.0,3.0,56.0,,,
p882.htm#i8817,B26,1115,1168,M,2,8,92,,,,3.0,15.0,152.0,,,
p11403.htm#i114028,B1,1156,1217,M,7,4,146,4.0,5.0,123.0,3.0,2.0,68.0,8.0,6.0,185.0
p60134.htm#i601339,B38,1268,1308,M,3,10,91,3.0,13.0,167.0,7.0,10.0,113.0,5.0,13.0,233.0
p4155.htm#i41544,B1,1255,1313,M,2,5,172,5.0,4.0,81.0,7.0,5.0,128.0,1.0,4.0,25.0
p16860.htm#i168593,B3,1265,1325,M,1,4,25,,,,2.0,8.0,55.0,,,
p11343.htm#i113423,B4,1230,1304,M,3,7,210,8.0,5.0,128.0,10.0,8.0,167.0,7.0,6.0,196.0
p40565.htm#i405650,B34,1182,1238,M,8,7,53,4.0,3.0,23.0,4.0,7.0,49.0,2.0,1.0,12.0
p24822.htm#i248212,B34,1077,1137,M,2,4,37,2.0,4.0,19.0,4.0,6.0,40.0,2.0,2.0,11.0
p68959.htm#i689583,B36,1152,1194,M,2,3,57,2.0,3.0,37.0,5.0,5.0,62.0,1.0,2.0,18.0
p11413.htm#i114121,B1,1265,1301,M,5,4,118,2.0,3.0,49.0,3.0,5.0,141.0,1.0,2.0,15.0
p67216.htm#i672155,B16,1130,1181,M,5,1,37,4.0,1.0,20.0,5.0,2.0,28.0,1.0,1.0,9.0
p4176.htm#i41760,B3,1300,1363,M,2,4,26,,,,2.0,8.0,59.0,,,
p55518.htm#i555177,B0,1300,1331,M,4,5,90,3.0,3.0,43.0,3.0,3.0,82.0,7.0,4.0,77.0
p10461.htm#i104601,B34,1170,1226,M,9,23,320,,,,19.0,27.0,346.0,,,
p26262.htm#i262620,B202,1293,1348,M,4,15,116,4.0,9.0,134.0,,,,15.0,14.0,246.0
p11461.htm#i114609,B1,1167,1231,M,3,2,133,5.0,4.0,107.0,11.0,3.0,153.0,5.0,6.0,128.0
p10469.htm#i104682,B25,1110,1173,M,8,8,98,8.0,14.0,78.0,5.0,6.0,41.0,2.0,6.0,43.0
p4204.htm#i42039,B4,1292,1315,M,2,7,153,14.0,4.0,163.0,14.0,6.0,207.0,9.0,4.0,164.0
p56020.htm#i560191,B26,1255,1315,M,2,1,15,,,,2.0,1.0,10.0,,,
p904.htm#i9037,B1,1242,1284,M,2,7,114,3.0,5.0,145.0,2.0,5.0,28.0,10.0,7.0,205.0
p10312.htm#i103112,B4,1121,1175,M,2,8,190,5.0,6.0,128.0,5.0,7.0,139.0,5.0,5.0,78.0
p10260.htm#i102593,B3,1055,1137,M,8,5,53,2.0,1.0,6.0,2.0,2.0,8.0,1.0,1.0,4.0
p16859.htm#i168589,B3,1229,1282,M,2,8,58,2.0,7.0,31.0,4.0,10.0,81.0,,,
p10282.htm#i102812,solo_PL6672,1252,1309,M,2,3,9,,,,2.0,4.0,17.0,,,
p10153.htm#i101521,B34,1190,1231,M,3,15,218,6.0,7.0,58.0,6.0,4.0,38.0,5.0,11.0,145.0
p67216.htm#i672154,B16,1068,1109,M,2,2,26,1.0,2.0,22.0,3.0,2.0,27.0,,,
p10204.htm#i102039,B4,1096,1154,M,13,10,254,12.0,13.0,171.0,13.0,9.0,124.0,13.0,16.0,241.0
p40547.htm#i405466,B3,1255,1311,M,3,9,102,6.0,8.0,129.0,6.0,10.0,120.0,8.0,11.0,172.0
p10686.htm#i106851,B34,1236,1262,M,2,7,78,4.0,9.0,136.0,3.0,7.0,66.0,9.0,11.0,192.0
p4296.htm#i42952,B0,1285,1348,M,3,4,105,3.0,1.0,81.0,3.0,2.0,69.0,11.0,4.0,146.0
p4179.htm#i41784,B16,1220,1250,M,5,6,115,3.0,7.0,104.0,2.0,5.0,42.0,7.0,13.0,278.0
p10179.htm#i101790,B4,1238,1265,M,2,12,178,4.0,22.0,323.0,3.0,13.0,167.0,22.0,34.0,577.0
p67136.htm#i671359,B25,1206,1260,M,4,11,143,4.0,8.0,99.0,1.0,6.0,42.0,12.0,7.0,84.0
p4722.htm#i47217,B34,1251,1276,M,3,11,63,4.0,11.0,78.0,4.0,7.0,43.0,7.0,15.0,173.0
p19828.htm#i198275,B26,1093,1137,M,2,3,34,1.0,3.0,19.0,4.0,4.0,41.0,,,
p4204.htm#i42038,B4,1284,1288,M,2,4,89,11.0,4.0,149.0,11.0,6.0,195.0,9.0,4.0,149.0
p11301.htm#i113006,B1,1099,1115,M,1,3,40,,,,6.0,3.0,63.0,,,
p30067.htm#i300665,B38,1200,1256,M,5,1,19,,,,1.0,1.0,17.0,,,
p11452.htm#i114511,B4,1275,1298,M,2,6,125,4.0,4.0,110.0,4.0,6.0,155.0,9.0,4.0,129.0
p12006.htm#i120053,B4,1255,1329,M,11,9,75,2.0,3.0,21.0,4.0,5.0,45.0,,,
p11467.htm#i114663,B1,1261,1294,M,2,1,47,3.0,1.0,30.0,7.0,1.0,55.0,1.0,1.0,17.0
p17009.htm#i170083,B4,1249,1323,M,9,9,171,1.0,4.0,32.0,3.0,5.0,82.0,,,
p39297.htm#i392963,B4,1047,1104,M,3,6,22,1.0,1.0,3.0,3.0,1.0,3.0,,,
p17621.htm#i176201,B36,1296,1362,M,4,6,29,3.0,5.0,41.0,1.0,3.0,19.0,5.0,8.0,82.0
p57109.htm#i571081,B26,1219,1290,M,4,1,16,2.0,1.0,5.0,3.0,1.0,8.0,,,
p11343.htm#i113426,B4,1229,1260,M,4,5,120,3.0,5.0,85.0,8.0,8.0,163.0,4.0,5.0,61.0
p10668.htm#i106671,B1,1049,1102,M,2,3,36,2.0,3.0,26.0,4.0,5.0,53.0,,,
p53225.htm#i532249,B0,1237,1302,M,5,1,24,2.0,1.0,19.0,4.0,2.0,43.0,,,
p11409.htm#i114085,B1,1126,1202,M,12,4,225,5.0,1.0,55.0,9.0,3.0,102.0,1.0,1.0,28.0
p15167.htm#i151669,B1,1282,1333,M,1,5,63,,,,3.0,4.0,124.0,,,
p3816.htm#i38160,B27,1240,1298,M,5,11,182,5.0,11.0,141.0,13.0,12.0,175.0,9.0,13.0,189.0
p46546.htm#i465460,B34,1066,1116,M,2,3,40,3.0,4.0,33.0,1.0,2.0,20.0,9.0,7.0,76.0
p847.htm#i8465,B0,1100,1168,M,5,5,57,1.0,2.0,20.0,5.0,2.0,30.0,,,
p4292.htm#i42913,B0,1215,1245,M,4,5,141,1.0,4.0,38.0,4.0,6.0,86.0,,,
p4179.htm#i41787,B16,1227,1288,M,11,6,93,6.0,7.0,108.0,5.0,5.0,45.0,7.0,14.0,284.0
p10313.htm#i103124,B4,1226,1285,M,11,7,303,11.0,12.0,253.0,11.0,5.0,233.0,15.0,14.0,266.0
p4151.htm#i41505,B1,1276,1308,M,2,4,165,6.0,6.0,204.0,4.0,5.0,162.0,15.0,8.0,321.0
p22080.htm#i220800,B1,1292,1325,M,2,2,29,3.0,1.0,23.0,3.0,1.0,39.0,2.0,1.0,13.0
p19035.htm#i190344,B25,1248,1309,M,4,13,161,3.0,5.0,113.0,4.0,7.0,98.0,6.0,5.0,101.0
p10546.htm#i105452,B229,1122,1177,M,2,2,13,2.0,2.0,12.0,3.0,2.0,25.0,1.0,2.0,6.0
p781.htm#i7810,B1,1266,1303,M,2,4,192,4.0,4.0,172.0,4.0,7.0,220.0,5.0,5.0,140.0
p53225.htm#i532242,B0,1167,1226,M,5,3,100,4.0,3.0,42.0,7.0,6.0,86.0,4.0,3.0,30.0
p18381.htm#i183807,B26,1175,1235,M,4,6,55,1.0,8.0,64.0,1.0,3.0,14.0,3.0,13.0,148.0
p11993.htm#i119925,B44,1099,1158,M,9,4,42,,,,3.0,7.0,38.0,,,
p58996.htm#i589957,B26,1278,1334,M,2,1,6,,,,1.0,1.0,5.0,,,
p10468.htm#i104680,B25,1100,1161,M,3,6,91,3.0,3.0,9.0,0.0,1.0,0.0,2.0,3.0,10.0
p4047.htm#i40466,B34,1056,1137,M,4,6,57,2.0,4.0,16.0,3.0,9.0,98.0,2.0,2.0,13.0
p4036.htm#i40354,B1,1242,1296,M,2,6,185,4.0,7.0,163.0,6.0,6.0,156.0,12.0,9.0,288.0
p4204.htm#i42040,B4,1294,1336,M,7,10,186,15.0,4.0,174.0,15.0,6.0,218.0,9.0,4.0,170.0
p54620.htm#i546199,B15,1100,1154,M,2,1,9,,,,1.0,1.0,6.0,,,
p11345.htm#i113447,B4,1265,1317,M,10,11,275,10.0,5.0,245.0,7.0,5.0,117.0,9.0,9.0,315.0
p58174.htm#i581738,B27,1190,1239,M,6,7,77,3.0,6.0,83.0,3.0,6.0,75.0,9.0,17.0,188.0
p10677.htm#i106763,B34,1149,1182,M,7,8,116,4.0,14.0,176.0,3.0,6.0,84.0,9.0,14.0,186.0
p38686.htm#i386856,B25,1300,1358,M,1,1,24,,,,2.0,1.0,39.0,,,
p2406.htm#i24051,B26,1280,1340,M,3,8,40,4.0,3.0,21.0,5.0,5.0,37.0,1.0,2.0,12.0
p15488.htm#i154872,B25,1140,1199,M,2,7,81,,,,2.0,6.0,64.0,,,
p26758.htm#i267580,B25,1191,1251,M,1,2,29,,,,2.0,4.0,23.0,,,
p4284.htm#i42833,B1,1112,1172,M,4,5,42,1.0,4.0,10.0,3.0,7.0,61.0,,,
p11528.htm#i115275,B4,1143,1180,M,1,3,52,,,,6.0,5.0,108.0,,,
p10463.htm#i104625,B4,1204,1217,M,3,12,202,13.0,24.0,308.0,13.0,14.0,194.0,20.0,37.0,537.0
p10688.htm#i106871,B34,1286,1347,M,3,11,134,3.0,8.0,92.0,3.0,14.0,194.0,11.0,8.0,116.0
p148.htm#i1480,B4,1286,1341,M,5,10,213,3.0,8.0,104.0,4.0,9.0,161.0,3.0,5.0,50.0
p4196.htm#i41959,B4,1206,1273,M,4,5,199,12.0,9.0,204.0,14.0,8.0,203.0,7.0,10.0,223.0
p13745.htm#i137448,B3,1227,1290,M,9,11,149,3.0,9.0,105.0,3.0,10.0,76.0,11.0,13.0,201.0
p514.htm#i5136,B26,1272,1318,M,2,5,88,3.0,8.0,95.0,3.0,5.0,77.0,5.0,9.0,99.0
p40549.htm#i405488,B27,1091,1151,M,2,4,16,1.0,1.0,3.0,3.0,1.0,3.0,,,
p11368.htm#i113673,B4,1270,1325,M,14,12,377,4.0,5.0,188.0,6.0,5.0,189.0,14.0,8.0,264.0
p1962.htm#i19618,B26,1262,1331,M,13,9,75,3.0,4.0,19.0,3.0,6.0,32.0,4.0,1.0,10.0
p64979.htm#i649783,B3,1259,1315,M,2,6,35,3.0,9.0,73.0,1.0,6.0,31.0,7.0,9.0,96.0
p12007.htm#i120061,B44,1284,1344,M,5,11,89,3.0,8.0,69.0,3.0,7.0,88.0,4.0,8.0,60.0
p70423.htm#i704222,B34,1056,1108,M,2,7,103,3.0,3.0,48.0,5.0,7.0,98.0,4.0,2.0,24.0
p67271.htm#i672703,B16,1283,1331,M,4,3,51,4.0,2.0,24.0,3.0,3.0,46.0,2.0,2.0,11.0
p38151.htm#i381501,B34,1280,1325,M,5,7,54,1.0,4.0,25.0,3.0,6.0,53.0,,,
p11404.htm#i114035,B1,1211,1246,M,4,5,125,6.0,3.0,72.0,7.0,4.0,104.0,5.0,4.0,90.0
p12004.htm#i120032,B44,1205,1244,M,6,4,68,5.0,6.0,58.0,3.0,4.0,64.0,9.0,7.0,89.0
p11430.htm#i114298,B4,1188,1233,M,3,6,124,6.0,5.0,97.0,6.0,5.0,109.0,7.0,5.0,116.0
p64709.htm#i647082,B0,1197,1257,M,2,6,88,4.0,6.0,111.0,4.0,5.0,92.0,8.0,7.0,164.0
p36887.htm#i368867,B36,1204,1264,M,3,8,79,4.0,12.0,111.0,3.0,8.0,55.0,12.0,16.0,223.0
p10473.htm#i104726,B34,1141,1198,M,2,15,195,4.0,16.0,287.0,3.0,14.0,168.0,8.0,14.0,238.0
p10352.htm#i103511,B26,1266,1306,M,2,12,133,4.0,5.0,87.0,5.0,10.0,136.0,3.0,4.0,60.0
p10550.htm#i105491,B1,1246,1272,M,5,4,139,5.0,5.0,144.0,4.0,6.0,188.0,7.0,5.0,112.0
p10788.htm#i107878,B26,1263,1305,M,5,12,135,5.0,10.0,139.0,4.0,6.0,90.0,5.0,16.0,236.0
p11469.htm#i114686,B1,1277,1339,M,2,3,43,4.0,1.0,33.0,5.0,1.0,50.0,1.0,1.0,17.0
p11466.htm#i114660,B1,1245,1287,M,7,1,57,3.0,2.0,42.0,5.0,1.0,46.0,4.0,3.0,76.0
p16403.htm#i164026,B1,1294,1344,M,3,2,18,1.0,1.0,8.0,3.0,2.0,10.0,,,
p67303.htm#i673024,B16,1158,1218,M,1,1,13,,,,2.0,1.0,15.0,,,
p70350.htm#i703496,B25,1230,1278,M,2,8,97,6.0,13.0,125.0,7.0,10.0,126.0,6.0,14.0,111.0
p11431.htm#i114309,B4,1263,1312,M,8,5,146,5.0,5.0,131.0,8.0,7.0,164.0,16.0,5.0,202.0
p10696.htm#i106960,B0,1225,1260,M,7,6,197,4.0,4.0,125.0,5.0,6.0,164.0,7.0,6.0,176.0
p48339.htm#i483385,B4,1173,1222,M,4,5,92,3.0,5.0,75.0,1.0,3.0,22.0,2.0,5.0,75.0
p10769.htm#i107690,B26,1115,1152,M,5,6,63,,,,2.0,7.0,73.0,,,
p783.htm#i7830,B1,1294,1367,M,2,12,178,12.0,8.0,206.0,12.0,5.0,226.0,11.0,10.0,226.0
p10693.htm#i106928,B34,1280,1336,M,6,20,207,3.0,3.0,28.0,2.0,1.0,12.0,3.0,6.0,47.0
p770.htm#i7699,B11,1287,1332,M,9,7,163,8.0,8.0,240.0,10.0,4.0,120.0,13.0,12.0,379.0
p60994.htm#i609934,B3,1242,1298,M,7,3,47,2.0,4.0,59.0,3.0,3.0,42.0,3.0,8.0,108.0
p10700.htm#i106995,B0,1295,1361,M,9,16,214,3.0,5.0,90.0,3.0,5.0,113.0,6.0,7.0,165.0
p4246.htm#i42453,B0,1170,1213,M,9,3,132,3.0,3.0,114.0,3.0,5.0,125.0,12.0,3.0,155.0
p4090.htm#i40892,B1,1270,1308,M,5,5,132,0.0,1.0,0.0,2.0,6.0,194.0,,,
p40547.htm#i405465,B3,1258,1326,M,2,9,110,8.0,8.0,133.0,8.0,10.0,122.0,8.0,11.0,178.0
p52065.htm#i520643,B4,1287,1342,M,9,8,180,4.0,5.0,151.0,4.0,5.0,122.0,9.0,8.0,170.0
p4278.htm#i42773,B1,1044,1112,M,6,5,67,3.0,1.0,4.0,3.0,1.0,4.0,1.0,1.0,4.0
p11479.htm#i114781,B1,1293,1355,M,5,4,40,,,,3.0,1.0,42.0,,,
p16225.htm#i162245,B34,1175,1193,M,3,6,36,2.0,5.0,22.0,4.0,6.0,67.0,,,
p61957.htm#i619567,B38,1164,1220,M,2,1,20,2.0,1.0,13.0,2.0,1.0,18.0,1.0,1.0,6.0
p10679.htm#i106787,B1,1135,1195,M,5,5,149,2.0,3.0,63.0,7.0,6.0,131.0,1.0,2.0,25.0
p58973.htm#i589721,B0,1300,1361,M,4,5,94,3.0,2.0,53.0,3.0,2.0,61.0,5.0,3.0,89.0
p11360.htm#i113598,B0,1150,1195,M,7,9,206,4.0,7.0,77.0,4.0,6.0,93.0,7.0,5.0,101.0
p515.htm#i5146,B26,1266,1326,M,1,3,28,,,,0.0,1.0,0.0,,,
p4253.htm#i42525,B0,1173,1224,M,2,3,128,5.0,3.0,125.0,5.0,5.0,133.0,12.0,3.0,165.0
p10786.htm#i107856,B26,1246,1306,M,5,4,106,3.0,6.0,69.0,4.0,3.0,37.0,5.0,12.0,166.0
p29952.htm#i299515,B25,1130,1182,M,2,4,49,,,,2.0,6.0,51.0,,,
p40658.htm#i406571,B36,1287,1340,M,3,9,76,4.0,5.0,52.0,4.0,4.0,35.0,5.0,8.0,77.0
p37050.htm#i370496,B34,1143,1202,M,1,6,26,,,,3.0,2.0,15.0,,,
p11415.htm#i114142,B1,1239,1272,M,9,4,129,5.0,4.0,85.0,6.0,4.0,121.0,4.0,5.0,94.0
p48332.htm#i483318,B4,1089,1145,M,2,2,46,1.0,2.0,27.0,4.0,4.0,42.0,,,
p58848.htm#i588475,B16,1284,1338,M,5,1,12,1.0,1.0,7.0,3.0,2.0,13.0,,,
p2316.htm#i23151,B1,1280,1356,M,16,15,253,3.0,3.0,144.0,3.0,7.0,238.0,14.0,4.0,176.0
p4255.htm#i42545,B0,1115,1128,M,2,5,58,3.0,6.0,79.0,3.0,3.0,45.0,4.0,7.0,109.0
p62941.htm#i629410,B12,1251,1296,M,2,7,95,4.0,6.0,132.0,4.0,6.0,91.0,7.0,6.0,176.0
p1291.htm#i12901,B36,1163,1214,M,5,4,62,3.0,3.0,38.0,6.0,5.0,63.0,1.0,2.0,19.0
p66755.htm#i667546,B15,1240,1302,M,2,2,19,3.0,2.0,14.0,3.0,2.0,17.0,1.0,2.0,11.0
p11394.htm#i113938,B1,1109,1141,M,6,2,55,3.0,2.0,49.0,4.0,3.0,56.0,3.0,4.0,64.0
p10693.htm#i106926,B25,1259,1326,M,11,18,254,5.0,7.0,119.0,4.0,7.0,76.0,7.0,6.0,163.0
p11398.htm#i113973,B1,1271,1305,M,9,4,168,5.0,2.0,73.0,6.0,6.0,166.0,2.0,1.0,34.0
p40872.htm#i408713,B0,1255,1302,M,6,7,175,5.0,6.0,121.0,5.0,6.0,161.0,11.0,7.0,148.0
p411.htm#i4104,B34,1216,1260,M,5,13,173,9.0,13.0,142.0,8.0,22.0,289.0,3.0,9.0,94.0
p358.htm#i3579,B36,1240,1296,M,11,8,125,5.0,8.0,99.0,6.0,7.0,78.0,8.0,10.0,163.0
p10257.htm#i102562,B3,1150,1211,M,6,11,78,3.0,3.0,21.0,3.0,3.0,19.0,8.0,3.0,20.0
p69040.htm#i690396,B27,1208,1242,M,3,8,82,3.0,5.0,54.0,4.0,6.0,61.0,2.0,5.0,44.0
p67303.htm#i673027,B16,1124,1184,M,3,1,17,,,,2.0,1.0,23.0,,,
p11393.htm#i113921,B1,1068,1125,M,6,2,61,,,,5.0,3.0,38.0,,,
p10914.htm#i109137,B26,1171,1231,M,3,6,48,,,,2.0,4.0,37.0,,,
p11698.htm#i116972,B3,1265,1299,M,6,6,58,6.0,10.0,85.0,2.0,6.0,45.0,7.0,9.0,103.0
p4254.htm#i42534,B0,1168,1225,M,2,2,58,,,,1.0,1.0,8.0,,,
p4297.htm#i42968,B0,1220,1260,M,2,4,91,3.0,5.0,85.0,4.0,3.0,62.0,11.0,5.0,158.0
p30168.htm#i301678,B38,1245,1300,M,2,1,22,2.0,1.0,12.0,2.0,1.0,17.0,1.0,1.0,5.0
p67321.htm#i673210,B16,1225,1287,M,10,2,72,5.0,2.0,31.0,5.0,2.0,44.0,2.0,1.0,13.0
p41019.htm#i410183,B34,1162,1235,M,4,9,46,3.0,5.0,24.0,5.0,6.0,51.0,1.0,4.0,10.0
p72886.htm#i728851,B4,1247,1307,M,1,6,74,,,,6.0,8.0,94.0,,,
p4192.htm#i41916,B4,1233,1261,M,2,5,136,10.0,5.0,131.0,12.0,8.0,169.0,7.0,6.0,203.0
p62942.htm#i629411,B12,1253,1317,M,4,7,116,5.0,6.0,134.0,5.0,6.0,94.0,7.0,6.0,177.0
p10255.htm#i102550,B3,1232,1282,M,10,16,173,4.0,14.0,165.0,1.0,9.0,73.0,11.0,14.0,218.0
p45043.htm#i450428,B26,1235,1265,M,2,1,5,,,,1.0,1.0,5.0,,,
p846.htm#i8452,B0,1234,1278,M,2,6,30,2.0,4.0,7.0,2.0,4.0,24.0,2.0,4.0,9.0
p4283.htm#i42830,B1,1057,1118,M,3,8,121,5.0,9.0,162.0,3.0,8.0,100.0,8.0,10.0,221.0
p8711.htm#i87105,B1,1282,1347,M,13,13,333,6.0,5.0,132.0,11.0,6.0,166.0,14.0,4.0,189.0
p7080.htm#i70795,B26,1216,1273,M,2,4,50,3.0,6.0,59.0,3.0,4.0,38.0,13.0,6.0,62.0
p4722.htm#i47213,B34,1250,1273,M,3,8,51,3.0,11.0,74.0,3.0,7.0,40.0,7.0,15.0,167.0
p67267.htm#i672666,B16,1042,1103,M,3,6,51,7.0,5.0,32.0,7.0,6.0,50.0,2.0,3.0,17.0
p10784.htm#i107831,B34,1268,1278,M,3,8,79,10.0,11.0,173.0,10.0,9.0,99.0,9.0,12.0,222.0
p1963.htm#i19625,B26,1300,1366,M,2,12,70,6.0,4.0,40.0,7.0,5.0,47.0,4.0,5.0,32.0
p10530.htm#i105296,B34,1275,1332,M,2,9,83,3.0,14.0,202.0,3.0,11.0,116.0,8.0,18.0,321.0
p22035.htm#i220348,B4,1134,1187,M,1,5,21,,,,2.0,7.0,70.0,,,
p51099.htm#i510985,B15,1206,1266,M,2,1,7,,,,1.0,1.0,4.0,,,
p10220.htm#i102198,B34,1058,1119,M,9,11,178,3.0,6.0,65.0,2.0,4.0,28.0,5.0,9.0,124.0
p19833.htm#i198330,B4,1228,1279,M,4,5,47,3.0,9.0,93.0,1.0,5.0,42.0,8.0,11.0,194.0
p70904.htm#i709035,B4,1158,1191,M,2,6,70,7.0,8.0,107.0,4.0,6.0,63.0,8.0,9.0,193.0
p27849.htm#i278483,B26,1216,1273,M,4,4,85,3.0,6.0,59.0,3.0,4.0,38.0,13.0,6.0,62.0
p26757.htm#i267563,B25,1143,1185,M,2,4,23,2.0,4.0,17.0,3.0,4.0,33.0,1.0,2.0,9.0
p61965.htm#i619641,B4,1278,1334,M,4,2,34,3.0,2.0,21.0,3.0,4.0,44.0,2.0,1.0,9.0
p10485.htm#i104846,B34,1130,1142,M,1,16,244,,,,29.0,23.0,394.0,,,
p10774.htm#i107737,B27,1046,1118,M,8,9,112,2.0,1.0,7.0,3.0,1.0,7.0,3.0,1.0,7.0
p467.htm#i4668,B26,1244,1322,M,9,9,124,3.0,5.0,58.0,2.0,2.0,36.0,11.0,6.0,97.0
p15014.htm#i150132,B15,1079,1129,M,2,1,7,,,,1.0,1.0,7.0,,,
p778.htm#i7773,B1,1230,1277,M,8,9,235,4.0,7.0,116.0,4.0,8.0,143.0,7.0,7.0,128.0
p2753.htm#i27521,B34,1289,1347,M,4,27,212,3.0,12.0,80.0,3.0,12.0,78.0,10.0,11.0,136.0
p11302.htm#i113017,B1,1191,1230,M,2,3,28,1.0,3.0,26.0,3.0,6.0,54.0,,,
p67323.htm#i673222,B16,1255,1314,M,2,1,53,3.0,1.0,21.0,4.0,2.0,41.0,2.0,1.0,13.0
p10550.htm#i105498,B1,1250,1304,M,2,3,108,3.0,3.0,67.0,4.0,6.0,147.0,1.0,2.0,19.0
p11478.htm#i114778,B1,1247,1279,M,2,1,42,2.0,1.0,33.0,3.0,1.0,46.0,3.0,1.0,25.0
p4294.htm#i42933,B0,1278,1310,M,5,6,158,4.0,6.0,113.0,5.0,5.0,125.0,10.0,6.0,212.0
p462.htm#i4615,B25,1170,1213,M,8,10,115,3.0,7.0,55.0,1.0,5.0,23.0,5.0,9.0,69.0
p19080.htm#i190796,B34,1184,1185,M,2,7,67,4.0,12.0,127.0,3.0,8.0,116.0,8.0,17.0,217.0
p11998.htm#i119977,B44,1103,1167,M,3,3,39,3.0,3.0,20.0,5.0,6.0,36.0,,,
p10678.htm#i106773,B0,1165,1235,M,11,8,270,4.0,4.0,77.0,6.0,6.0,77.0,6.0,4.0,119.0
p900.htm#i8992,B1,1159,1206,M,5,6,99,6.0,6.0,55.0,6.0,9.0,112.0,1.0,3.0,24.0
p70990.htm#i709895,B16,1284,1332,M,2,1,12,1.0,1.0,7.0,3.0,2.0,13.0,,,
p4177.htm#i41767,B3,1271,1326,M,11,22,263,6.0,11.0,156.0,6.0,13.0,126.0,14.0,17.0,251.0
p460.htm#i4600,B26,1106,1166,M,2,2,22,,,,,,,,,
p26759.htm#i267586,B25,1286,1346,M,1,1,34,,,,1.0,2.0,53.0,,,
p67257.htm#i672566,B1,1236,1290,M,1,5,94,,,,6.0,6.0,109.0,,,
p56834.htm#i568332,B112,1296,1323,M,3,7,28,1.0,4.0,21.0,3.0,5.0,46.0,,,
p10459.htm#i104584,B1,1236,1236,M,2,14,174,3.0,23.0,326.0,9.0,16.0,292.0,22.0,34.0,573.0
p11341.htm#i113410,B4,1169,1217,M,3,5,72,2.0,4.0,46.0,4.0,6.0,106.0,1.0,3.0,16.0
p41220.htm#i412198,B34,1265,1325,M,4,2,12,1.0,1.0,6.0,3.0,3.0,13.0,,,
p30136.htm#i301358,B38,1123,1173,M,2,1,16,1.0,1.0,13.0,3.0,1.0,19.0,,,
p11476.htm#i114753,B1,1191,1246,M,11,3,59,3.0,3.0,30.0,5.0,3.0,52.0,,,
p11396.htm#i113953,B1,1207,1227,M,2,7,128,6.0,6.0,153.0,10.0,7.0,192.0,9.0,7.0,244.0
p1660.htm#i16596,B4,1200,1231,M,6,4,58,3.0,2.0,27.0,3.0,1.0,15.0,5.0,3.0,56.0
p40539.htm#i405386,B36,1268,1332,M,7,17,151,,,,2.0,4.0,40.0,,,
p535.htm#i5344,B1,1292,1344,M,5,4,225,3.0,5.0,133.0,3.0,4.0,176.0,6.0,5.0,144.0
p10205.htm#i102042,B4,1135,1153,M,3,9,164,5.0,10.0,160.0,10.0,9.0,196.0,4.0,9.0,135.0
p11475.htm#i114749,B1,1197,1246,M,2,3,51,6.0,3.0,36.0,8.0,3.0,58.0,,,
p10673.htm#i106723,B34,1130,1170,M,10,9,116,3.0,7.0,69.0,3.0,4.0,38.0,4.0,9.0,143.0
p10462.htm#i104612,B34,1214,1260,M,2,17,222,7.0,24.0,264.0,3.0,12.0,99.0,4.0,16.0,143.0
p70422.htm#i704216,B34,1086,1109,M,2,6,98,7.0,7.0,157.0,3.0,6.0,132.0,9.0,9.0,222.0
p4193.htm#i41928,B4,1286,1291,M,2,3,96,5.0,4.0,125.0,5.0,4.0,168.0,7.0,6.0,206.0
p847.htm#i8463,B1,1128,1190,M,9,11,169,3.0,9.0,73.0,3.0,7.0,52.0,4.0,7.0,83.0
p1169.htm#i11686,B36,1258,1319,M,3,7,58,5.0,4.0,30.0,5.0,8.0,68.0,1.0,3.0,13.0
p188.htm#i1880,B4,1298,1342,M,5,9,249,4.0,8.0,216.0,4.0,10.0,226.0,20.0,10.0,326.0
p10192.htm#i101920,B34,1300,1338,M,8,19,350,3.0,9.0,286.0,21.0,16.0,443.0,10.0,9.0,358.0
p11301.htm#i113005,B1,1076,1136,M,1,2,9,,,,,,,,,
p898.htm#i8977,B1,1128,1185,M,2,10,130,3.0,9.0,73.0,3.0,7.0,52.0,4.0,7.0,83.0
p30068.htm#i300675,B38,1206,1266,M,5,1,22,,,,1.0,1.0,18.0,,,
p10783.htm#i107830,B34,1239,1296,M,2,8,84,6.0,8.0,110.0,6.0,5.0,55.0,9.0,11.0,160.0
p22077.htm#i220761,B1,1079,1139,M,2,5,89,3.0,6.0,68.0,3.0,5.0,65.0,10.0,8.0,103.0
p58367.htm#i583666,B0,1242,1291,M,4,2,44,3.0,1.0,34.0,3.0,1.0,44.0,4.0,1.0,33.0
p70426.htm#i704257,B27,1220,1239,M,2,5,37,2.0,5.0,33.0,3.0,7.0,54.0,4.0,4.0,37.0
p355.htm#i3550,B1,1287,1347,M,6,4,131,3.0,5.0,138.0,1.0,2.0,48.0,14.0,6.0,274.0
p4285.htm#i42843,B1,1071,1131,M,2,3,16,,,,,,,,,
p4194.htm#i41937,B44,1210,1270,M,6,9,186,3.0,6.0,129.0,5.0,5.0,114.0,9.0,7.0,159.0
p15141.htm#i151404,B25,1268,1321,M,7,9,122,3.0,7.0,118.0,3.0,6.0,69.0,7.0,7.0,177.0
p46547.htm#i465468,B34,1097,1156,M,2,3,45,3.0,3.0,47.0,3.0,3.0,44.0,4.0,3.0,39.0
p49169.htm#i491688,B38,1104,1163,M,3,1,26,2.0,2.0,20.0,1.0,1.0,12.0,5.0,3.0,35.0
p4078.htm#i40777,B11,1296,1361,M,2,6,53,6.0,5.0,59.0,6.0,4.0,51.0,11.0,6.0,103.0
p67216.htm#i672153,B16,1040,1109,M,5,2,32,10.0,1.0,22.0,11.0,1.0,30.0,1.0,1.0,18.0
p39829.htm#i398287,B34,1244,1310,M,5,13,179,4.0,13.0,170.0,4.0,16.0,220.0,5.0,12.0,155.0
p10205.htm#i102044,B4,1137,1159,M,3,10,147,7.0,10.0,195.0,12.0,9.0,231.0,4.0,9.0,144.0
p10223.htm#i102227,B26,1241,1285,M,7,14,243,4.0,16.0,191.0,5.0,21.0,289.0,4.0,14.0,188.0
p11292.htm#i112915,B1,1270,1319,M,5,8,134,6.0,7.0,180.0,6.0,6.0,105.0,9.0,9.0,250.0
p66333.htm#i663323,B0,1244,1298,M,2,4,41,3.0,8.0,58.0,1.0,3.0,37.0,17.0,8.0,83.0
p60457.htm#i604567,B0,1218,1259,M,8,3,98,3.0,2.0,64.0,3.0,3.0,102.0,4.0,3.0,66.0
p4218.htm#i42172,B27,1166,1191,M,3,8,96,3.0,13.0,162.0,3.0,9.0,134.0,10.0,16.0,287.0
p4156.htm#i41559,B1,1293,1354,M,7,8,130,9.0,6.0,145.0,9.0,5.0,149.0,7.0,7.0,258.0
p15190.htm#i151892,B11,1285,1344,M,3,4,56,,,,3.0,4.0,56.0,,,
p45043.htm#i450429,B26,1278,1345,M,5,9,32,,,,1.0,1.0,5.0,,,
p10239.htm#i102381,B4,1245,1285,M,10,9,284,6.0,8.0,123.0,6.0,6.0,159.0,7.0,10.0,160.0
p10678.htm#i106776,B4,1128,1179,M,1,9,111,,,,8.0,9.0,160.0,,,
p12063.htm#i120623,B27,1107,1161,M,2,12,128,6.0,8.0,69.0,6.0,6.0,43.0,4.0,10.0,139.0
p54322.htm#i543217,B0,1140,1208,M,6,5,63,3.0,2.0,27.0,3.0,2.0,55.0,4.0,2.0,34.0
p15529.htm#i155288,B25,1275,1330,M,2,2,43,3.0,1.0,26.0,5.0,2.0,47.0,1.0,1.0,13.0
p4198.htm#i41974,B4,1219,1248,M,2,6,113,7.0,13.0,217.0,7.0,7.0,147.0,15.0,14.0,245.0
p4050.htm#i40495,B0,1094,1119,M,3,8,82,2.0,4.0,41.0,3.0,6.0,99.0,1.0,2.0,17.0
p11393.htm#i113924,B1,1100,1167,M,4,2,59,2.0,2.0,25.0,3.0,2.0,41.0,1.0,1.0,13.0
p11648.htm#i116477,B26,1213,1267,M,4,9,111,3.0,8.0,104.0,2.0,2.0,24.0,8.0,10.0,162.0
p43905.htm#i439045,B25,1245,1306,M,4,16,184,9.0,6.0,101.0,5.0,12.0,134.0,1.0,6.0,34.0
p67137.htm#i671367,B36,1298,1357,M,1,14,80,,,,3.0,7.0,76.0,,,
p11996.htm#i119957,B44,1119,1151,M,7,6,47,3.0,2.0,18.0,4.0,3.0,24.0,1.0,1.0,9.0
p4306.htm#i43052,B0,1245,1297,M,2,3,125,8.0,4.0,146.0,8.0,3.0,100.0,7.0,6.0,164.0
p10551.htm#i105504,B1,1279,1326,M,2,4,139,9.0,6.0,212.0,6.0,4.0,132.0,15.0,8.0,330.0
p1960.htm#i19599,B26,1110,1177,M,4,7,36,,,,2.0,9.0,43.0,,,
p15842.htm#i158411,B34,1274,1318,M,4,13,114,4.0,4.0,97.0,3.0,9.0,132.0,7.0,5.0,99.0
p11478.htm#i114771,B1,1299,1326,M,2,3,23,2.0,1.0,18.0,3.0,1.0,37.0,1.0,1.0,8.0
p58968.htm#i589679,B0,1215,1272,M,2,2,78,5.0,4.0,70.0,5.0,2.0,59.0,11.0,7.0,124.0
p58995.htm#i589947,B26,1102,1160,M,1,2,10,,,,1.0,4.0,9.0,,,
p30137.htm#i301362,B38,1236,1294,M,1,1,15,,,,1.0,1.0,13.0,,,
p59216.htm#i592152,B0,1075,1139,M,2,3,30,4.0,5.0,51.0,2.0,2.0,23.0,5.0,7.0,88.0
p10683.htm#i106829,B34,1229,1264,M,2,11,164,9.0,18.0,240.0,8.0,11.0,175.0,12.0,13.0,223.0
p10457.htm#i104561,B34,1259,1302,M,6,8,155,4.0,6.0,57.0,4.0,4.0,33.0,2.0,6.0,52.0
p842.htm#i8417,B0,1143,1197,M,6,5,49,3.0,5.0,58.0,3.0,4.0,33.0,6.0,6.0,94.0
p72640.htm#i726393,B34,1130,1189,M,2,14,193,2.0,16.0,228.0,4.0,13.0,154.0,29.0,23.0,394.0
p10203.htm#i102024,B34,1051,1134,M,8,17,280,3.0,8.0,132.0,3.0,9.0,107.0,6.0,9.0,177.0
p11577.htm#i115770,B25,1131,1185,M,2,4,52,3.0,6.0,54.0,2.0,4.0,20.0,2.0,4.0,20.0
p10778.htm#i107774,B34,1221,1260,M,9,10,117,3.0,6.0,16.0,3.0,6.0,36.0,2.0,4.0,9.0
p39325.htm#i393246,B6,1281,1346,M,4,7,59,3.0,4.0,63.0,3.0,5.0,42.0,6.0,6.0,146.0
p4206.htm#i42060,B34,1142,1193,M,2,6,60,3.0,13.0,129.0,2.0,4.0,46.0,10.0,16.0,242.0
p4295.htm#i42946,B0,1288,1311,M,2,6,97,3.0,4.0,78.0,7.0,5.0,151.0,4.0,5.0,63.0
p19834.htm#i198333,B4,1258,1335,M,6,5,35,2.0,3.0,14.0,3.0,5.0,45.0,1.0,1.0,6.0
p11459.htm#i114589,B1,1180,1230,M,2,3,63,4.0,4.0,78.0,1.0,3.0,33.0,8.0,7.0,176.0
p2349.htm#i23490,B139,1223,1272,M,4,6,82,13.0,8.0,117.0,1.0,6.0,59.0,10.0,10.0,193.0
p11333.htm#i113324,B4,1149,1188,M,6,6,135,6.0,6.0,106.0,7.0,8.0,162.0,6.0,7.0,93.0
p931.htm#i9306,B27,1142,1207,M,10,12,169,3.0,8.0,88.0,4.0,13.0,144.0,6.0,7.0,87.0
p4193.htm#i41922,B4,1228,1269,M,2,5,149,6.0,5.0,122.0,7.0,8.0,161.0,7.0,6.0,186.0
p11406.htm#i114051,B1,1147,1172,M,3,7,100,3.0,4.0,93.0,4.0,4.0,66.0,9.0,7.0,144.0
p18381.htm#i183804,B26,1255,1284,M,3,1,8,1.0,1.0,7.0,3.0,3.0,22.0,,,
p39263.htm#i392622,B26,1241,1300,M,2,1,6,,,,1.0,1.0,4.0,,,
p10679.htm#i106789,B1,1172,1196,M,2,4,70,5.0,4.0,85.0,7.0,5.0,153.0,2.0,5.0,54.0
p10726.htm#i107259,B44,1278,1345,M,10,10,67,2.0,3.0,22.0,3.0,3.0,41.0,1.0,2.0,11.0
p62.htm#i611,B34,1119,1142,M,2,7,68,,,,8.0,11.0,176.0,,,
p58995.htm#i589948,B26,1102,1160,M,1,2,10,,,,1.0,4.0,9.0,,,
p784.htm#i7831,B1,1294,1320,M,2,8,152,12.0,8.0,206.0,12.0,5.0,226.0,11.0,10.0,226.0
p4197.htm#i41967,B4,1268,1271,M,2,5,99,8.0,5.0,141.0,11.0,7.0,172.0,16.0,5.0,213.0
p11467.htm#i114667,B1,1293,1352,M,2,1,35,2.0,1.0,36.0,3.0,1.0,48.0,2.0,1.0,27.0
p1961.htm#i19601,B26,1150,1206,M,2,5,28,,,,2.0,5.0,27.0,,,
p412.htm#i4111,B34,1242,1285,M,4,7,90,2.0,8.0,105.0,3.0,6.0,57.0,9.0,13.0,196.0
p60448.htm#i604475,B0,1115,1166,M,5,2,70,4.0,1.0,59.0,4.0,2.0,47.0,7.0,3.0,70.0
p11857.htm#i118564,B27,1255,1303,M,4,4,82,5.0,5.0,55.0,5.0,4.0,42.0,3.0,5.0,44.0
p46547.htm#i465462,B34,1066,1118,M,2,3,40,3.0,4.0,33.0,1.0,2.0,20.0,9.0,7.0,76.0
p67271.htm#i672702,B16,1161,1186,M,3,2,36,2.0,1.0,14.0,2.0,1.0,21.0,2.0,1.0,13.0
p490.htm#i4895,B26,1240,1300,M,3,7,38,0.0,1.0,0.0,2.0,6.0,67.0,,,
p11302.htm#i113018,B1,1147,1162,M,1,3,46,,,,4.0,3.0,54.0,,,
p46696.htm#i466954,B36,1141,1201,M,2,4,75,3.0,9.0,98.0,4.0,6.0,90.0,5.0,13.0,102.0
p66.htm#i654,B26,1262,1312,M,13,14,178,7.0,7.0,88.0,7.0,7.0,92.0,5.0,6.0,78.0
p846.htm#i8453,B0,1234,1292,M,2,7,32,2.0,4.0,7.0,2.0,4.0,24.0,2.0,4.0,9.0
p54618.htm#i546180,B15,1288,1318,M,2,2,13,2.0,1.0,9.0,3.0,1.0,17.0,1.0,1.0,7.0
p18381.htm#i183803,B26,1285,1346,M,2,1,8,,,,2.0,1.0,8.0,,,
p4312.htm#i43119,B0,1275,1328,M,11,5,102,3.0,2.0,60.0,3.0,1.0,68.0,8.0,3.0,119.0
p66334.htm#i663331,B0,1223,1276,M,2,5,50,3.0,5.0,29.0,5.0,8.0,68.0,2.0,3.0,16.0
p22807.htm#i228068,B112,1299,1322,M,2,8,66,4.0,6.0,105.0,3.0,6.0,79.0,7.0,10.0,176.0
p59216.htm#i592151,B12,1287,1316,M,4,5,100,4.0,2.0,47.0,4.0,2.0,63.0,5.0,3.0,40.0
p22035.htm#i220345,B4,1110,1152,M,3,7,72,3.0,10.0,127.0,3.0,7.0,79.0,8.0,13.0,236.0
p67317.htm#i673167,B11,1060,1120,M,3,2,21,,,,0.0,1.0,0.0,,,
p10216.htm#i102151,B1,1129,1195,M,16,14,283,4.0,6.0,82.0,3.0,8.0,95.0,2.0,4.0,34.0
p904.htm#i9039,B1,1242,1290,M,2,7,116,3.0,5.0,145.0,2.0,5.0,28.0,10.0,7.0,205.0
p4180.htm#i41792,B16,1266,1291,M,4,4,44,7.0,4.0,32.0,8.0,6.0,73.0,1.0,2.0,17.0
p3887.htm#i38864,B27,1271,1312,M,5,14,115,4.0,15.0,157.0,5.0,14.0,201.0,7.0,12.0,184.0
p38835.htm#i388341,B6,1180,1240,M,4,6,50,3.0,8.0,96.0,3.0,6.0,42.0,10.0,11.0,154.0
p897.htm#i8969,B1,1046,1103,M,2,6,63,4.0,6.0,74.0,6.0,8.0,53.0,5.0,7.0,99.0
p12008.htm#i120072,B44,1177,1181,M,2,3,40,6.0,4.0,55.0,7.0,5.0,69.0,1.0,3.0,31.0
p832.htm#i8317,B0,1287,1368,M,2,9,55,3.0,6.0,37.0,6.0,9.0,82.0,1.0,4.0,17.0
p11480.htm#i114794,B1,1246,1294,M,3,1,41,3.0,1.0,26.0,5.0,1.0,41.0,1.0,1.0,16.0
p70902.htm#i709016,B4,1075,1140,M,2,4,23,,,,,,,,,
p67317.htm#i673169,B11,1156,1216,M,4,5,64,6.0,6.0,70.0,6.0,5.0,41.0,4.0,6.0,73.0
p73004.htm#i730037,B34,1259,1349,M,4,5,60,4.0,6.0,57.0,4.0,4.0,33.0,2.0,6.0,52.0
p64979.htm#i649784,B34,1226,1279,M,2,6,50,3.0,8.0,99.0,1.0,6.0,42.0,10.0,10.0,196.0
p535.htm#i5342,B1,1268,1318,M,14,5,249,8.0,4.0,195.0,8.0,7.0,246.0,5.0,5.0,150.0
p10775.htm#i107743,B26,1186,1238,M,3,10,129,,,,5.0,16.0,174.0,,,
p51099.htm#i510982,B15,1070,1124,M,2,1,7,,,,1.0,1.0,11.0,,,
p15529.htm#i155290,B25,1275,1330,M,2,2,43,3.0,1.0,26.0,5.0,2.0,47.0,1.0,1.0,13.0
p61959.htm#i619581,B38,1244,1304,M,1,2,24,,,,1.0,1.0,8.0,,,
p838.htm#i8373,B0,1282,1334,M,2,6,42,2.0,1.0,18.0,2.0,8.0,43.0,2.0,1.0,18.0
p10459.htm#i104590,B4,1239,1266,M,2,12,178,5.0,22.0,325.0,4.0,13.0,169.0,22.0,34.0,580.0
p67821.htm#i678203,B25,1242,1304,M,4,10,107,5.0,6.0,95.0,3.0,11.0,126.0,1.0,6.0,30.0
p43692.htm#i436917,B34,1270,1324,M,3,14,182,5.0,9.0,117.0,9.0,17.0,273.0,1.0,4.0,32.0
p11384.htm#i113838,B1,1229,1294,M,13,6,212,4.0,8.0,138.0,4.0,6.0,101.0,7.0,15.0,295.0
p11363.htm#i113622,B4,1282,1342,M,5,6,179,3.0,6.0,203.0,3.0,4.0,195.0,14.0,7.0,320.0
p412.htm#i4112,B34,1210,1297,M,2,13,155,7.0,11.0,125.0,6.0,22.0,259.0,3.0,9.0,88.0
p4246.htm#i42455,B0,1158,1214,M,6,4,129,3.0,6.0,111.0,1.0,3.0,49.0,13.0,11.0,239.0
p67324.htm#i673235,B16,1176,1217,M,1,2,43,,,,7.0,2.0,31.0,,,
p11142.htm#i111412,B1,1102,1139,M,4,8,116,5.0,5.0,81.0,5.0,7.0,120.0,4.0,5.0,70.0
p70421.htm#i704209,B1,1070,1128,M,3,6,99,5.0,7.0,95.0,4.0,5.0,90.0,2.0,5.0,33.0
p10769.htm#i107682,B26,1059,1119,M,1,1,12,,,,,,,,,
p10458.htm#i104574,B26,1263,1283,M,3,8,205,4.0,15.0,224.0,4.0,13.0,152.0,12.0,25.0,434.0
p60440.htm#i604396,B0,1268,1331,M,4,2,66,3.0,3.0,105.0,1.0,2.0,44.0,15.0,3.0,145.0
p70430.htm#i704296,B34,1158,1172,M,2,5,50,3.0,4.0,44.0,6.0,7.0,105.0,,,
p22389.htm#i223887,B27,1294,1357,M,2,2,16,4.0,1.0,11.0,5.0,1.0,13.0,1.0,1.0,10.0
p408.htm#i4072,B4,1217,1286,M,10,8,132,3.0,9.0,113.0,3.0,12.0,107.0,3.0,8.0,85.0
p86.htm#i851,B26,1284,1330,M,2,4,31,5.0,3.0,22.0,6.0,5.0,38.0,1.0,2.0,13.0
p62942.htm#i629412,B12,1254,1296,M,2,7,95,6.0,6.0,136.0,6.0,6.0,98.0,7.0,6.0,178.0
p904.htm#i9040,B1,1242,1302,M,2,7,118,3.0,5.0,145.0,2.0,5.0,28.0,10.0,7.0,205.0
p10776.htm#i107751,B27,1121,1181,M,3,6,67,4.0,4.0,37.0,5.0,7.0,81.0,1.0,3.0,12.0
p64794.htm#i647936,B34,1279,1338,M,2,11,100,6.0,12.0,69.0,6.0,8.0,82.0,5.0,11.0,71.0
p12963.htm#i129625,B3,1245,1279,M,2,9,78,3.0,13.0,159.0,3.0,7.0,71.0,6.0,22.0,337.0
p10492.htm#i104918,B34,1216,1246,M,6,22,356,2.0,11.0,126.0,21.0,33.0,469.0,8.0,19.0,301.0
p10464.htm#i104640,B1,1123,1190,M,9,5,176,4.0,7.0,108.0,5.0,6.0,98.0,9.0,10.0,155.0
p72886.htm#i728853,B4,1249,1251,M,1,6,40,,,,8.0,8.0,97.0,,,
p777.htm#i7770,B1,1292,1352,M,9,7,201,14.0,6.0,236.0,7.0,5.0,195.0,15.0,8.0,374.0
p10223.htm#i102226,B1,1194,1250,M,13,16,345,3.0,7.0,125.0,3.0,5.0,105.0,11.0,9.0,221.0
p4294.htm#i42939,B0,1291,1346,M,7,13,228,8.0,4.0,111.0,12.0,6.0,187.0,4.0,5.0,73.0
p4196.htm#i41954,B44,1247,1289,M,3,10,105,3.0,9.0,112.0,1.0,8.0,43.0,14.0,14.0,200.0
p11451.htm#i114507,B4,1243,1286,M,4,5,156,3.0,7.0,173.0,3.0,5.0,176.0,10.0,10.0,220.0
p49170.htm#i491693,B38,1104,1163,M,4,1,26,2.0,2.0,20.0,1.0,1.0,12.0,5.0,3.0,35.0
p10545.htm#i105445,B1,1106,1134,M,4,5,112,5.0,5.0,76.0,4.0,7.0,103.0,6.0,5.0,63.0
p893.htm#i8926,B1,1086,1124,M,3,7,40,2.0,2.0,3.0,2.0,8.0,47.0,2.0,2.0,3.0
p15004.htm#i150038,B1,1056,1109,M,1,1,14,,,,1.0,1.0,12.0,,,
p38686.htm#i386855,B25,1270,1331,M,3,4,48,1.0,1.0,26.0,2.0,2.0,45.0,,,
p10700.htm#i106991,B26,1285,1314,M,3,9,101,,,,3.0,7.0,89.0,,,
p14556.htm#i145554,B1,1291,1338,M,5,7,81,4.0,4.0,131.0,5.0,3.0,76.0,6.0,7.0,217.0
p18699.htm#i186988,B26,1202,1258,M,4,5,79,2.0,1.0,18.0,4.0,1.0,28.0,1.0,1.0,10.0
p10457.htm#i104568,B4,1266,1333,M,2,7,186,4.0,14.0,223.0,3.0,7.0,108.0,12.0,25.0,450.0
p37258.htm#i372578,B4,1294,1345,M,5,14,157,4.0,12.0,140.0,7.0,9.0,196.0,5.0,11.0,96.0
p10193.htm#i101923,B34,1207,1272,M,12,25,482,4.0,24.0,216.0,15.0,31.0,373.0,4.0,15.0,127.0
p834.htm#i8338,B0,1291,1360,M,9,7,61,3.0,3.0,30.0,3.0,8.0,54.0,2.0,2.0,22.0
p15842.htm#i158420,B34,1066,1114,M,7,9,88,3.0,2.0,24.0,3.0,3.0,31.0,5.0,2.0,38.0
p195.htm#i1943,B27,1286,1326,M,8,20,220,5.0,8.0,126.0,4.0,11.0,98.0,8.0,7.0,126.0
p4247.htm#i42461,B0,1238,1303,M,11,7,184,6.0,4.0,120.0,6.0,4.0,114.0,11.0,4.0,187.0
p10681.htm#i106802,B4,1197,1249,M,5,13,264,5.0,22.0,278.0,7.0,12.0,217.0,20.0,35.0,488.0
p70426.htm#i704258,B27,1220,1272,M,2,5,42,2.0,5.0,33.0,3.0,7.0,54.0,4.0,4.0,37.0
p19230.htm#i192293,B34,1115,1152,M,2,6,73,4.0,6.0,79.0,4.0,8.0,82.0,5.0,6.0,78.0
p38685.htm#i386850,B25,1299,1355,M,4,3,27,1.0,1.0,19.0,3.0,1.0,37.0,,,
p10465.htm#i104645,B1,1148,1196,M,9,7,222,4.0,4.0,96.0,5.0,4.0,69.0,9.0,7.0,148.0
p46659.htm#i466586,B51,1076,1120,M,1,1,2,,,,,,,,,
p4153.htm#i41521,B1,1290,1345,M,2,8,86,1.0,4.0,53.0,3.0,5.0,117.0,,,
p70905.htm#i709047,B4,1115,1175,M,3,5,41,2.0,4.0,18.0,5.0,4.0,33.0,,,
p58848.htm#i588471,B16,1176,1223,M,4,2,15,2.0,2.0,11.0,3.0,3.0,18.0,,,
p40326.htm#i403259,B34,1077,1131,M,4,5,77,1.0,1.0,7.0,3.0,2.0,9.0,,,
p11996.htm#i119951,B44,1068,1141,M,2,6,52,5.0,7.0,35.0,5.0,8.0,40.0,1.0,6.0,15.0
p58177.htm#i581763,B27,1115,1185,M,5,3,21,1.0,2.0,11.0,3.0,4.0,24.0,,,
p26747.htm#i267466,B26,1094,1139,M,1,3,31,,,,2.0,8.0,38.0,,,
p10458.htm#i104579,B34,1240,1240,M,2,13,197,13.0,18.0,286.0,8.0,23.0,349.0,12.0,13.0,277.0
p26680.htm#i266795,B25,1248,1318,M,3,1,10,3.0,1.0,5.0,3.0,2.0,17.0,1.0,1.0,4.0
p26757.htm#i267569,B25,1191,1251,M,2,2,29,,,,2.0,4.0,23.0,,,
p11392.htm#i113916,B1,1110,1174,M,10,5,134,4.0,2.0,32.0,5.0,2.0,49.0,1.0,1.0,17.0
p844.htm#i8439,B0,1270,1351,M,6,6,46,2.0,4.0,10.0,3.0,6.0,31.0,1.0,3.0,5.0
p10492.htm#i104920,B34,1210,1290,M,2,21,345,9.0,7.0,54.0,17.0,31.0,404.0,,,
p4179.htm#i41789,B0,1215,1269,M,4,9,123,3.0,6.0,124.0,3.0,4.0,99.0,13.0,7.0,216.0
p4254.htm#i42531,B0,1175,1234,M,2,3,132,6.0,3.0,126.0,6.0,5.0,134.0,12.0,3.0,167.0
p59216.htm#i592159,B0,1280,1332,M,6,5,125,3.0,6.0,121.0,3.0,5.0,132.0,10.0,6.0,215.0
p27849.htm#i278486,B26,1244,1306,M,4,4,67,3.0,6.0,76.0,3.0,4.0,71.0,11.0,6.0,97.0
p10672.htm#i106720,B0,1035,1102,M,5,2,72,3.0,5.0,54.0,3.0,2.0,33.0,8.0,7.0,97.0
p38794.htm#i387934,B25,1277,1334,M,2,3,41,,,,2.0,2.0,52.0,,,
p67321.htm#i673204,B16,1220,1275,M,2,2,60,3.0,2.0,28.0,3.0,2.0,41.0,2.0,1.0,11.0
p10253.htm#i102524,B34,1235,1271,M,3,15,280,12.0,18.0,265.0,6.0,23.0,336.0,12.0,13.0,259.0
p36742.htm#i367416,B34,1276,1351,M,14,16,140,6.0,7.0,108.0,5.0,6.0,82.0,5.0,6.0,94.0
p70423.htm#i704229,B27,1102,1162,M,4,4,40,3.0,2.0,41.0,3.0,2.0,26.0,7.0,2.0,43.0
p64201.htm#i642008,B36,1255,1318,M,3,6,64,2.0,3.0,24.0,3.0,6.0,42.0,2.0,2.0,17.0
p10474.htm#i104738,B34,1102,1144,M,2,6,106,3.0,7.0,97.0,7.0,14.0,168.0,4.0,6.0,102.0
p40495.htm#i404943,B3,1130,1170,M,1,3,41,,,,4.0,3.0,25.0,,,
p11404.htm#i114032,B1,1211,1242,M,3,7,173,5.0,6.0,155.0,3.0,6.0,114.0,9.0,7.0,156.0
p67334.htm#i673332,B16,1205,1264,M,2,2,31,3.0,2.0,33.0,1.0,2.0,23.0,6.0,2.0,43.0
p595.htm#i5945,B0,1279,1334,M,2,9,86,3.0,8.0,135.0,4.0,9.0,79.0,8.0,9.0,237.0
p27244.htm#i272439,B25,1269,1329,M,4,6,83,11.0,7.0,126.0,11.0,6.0,77.0,7.0,7.0,185.0
p48333.htm#i483322,B4,1107,1167,M,2,2,28,1.0,2.0,19.0,3.0,2.0,35.0,,,
p51099.htm#i510986,B15,1236,1294,M,3,1,6,,,,1.0,1.0,4.0,,,
p11308.htm#i113078,B1,1216,1250,M,4,2,64,5.0,5.0,104.0,5.0,2.0,53.0,11.0,7.0,197.0
p10549.htm#i105489,B1,1244,1278,M,2,5,169,4.0,6.0,182.0,3.0,6.0,174.0,10.0,8.0,222.0
p59443.htm#i594430,B0,1184,1215,M,2,3,65,2.0,2.0,27.0,4.0,5.0,62.0,,,
p33518.htm#i335176,B25,1145,1205,M,2,4,67,4.0,4.0,37.0,4.0,6.0,73.0,2.0,4.0,16.0
p26759.htm#i267583,B25,1220,1280,M,1,1,31,,,,2.0,2.0,22.0,,,
p16225.htm#i162241,B34,1086,1127,M,3,6,98,7.0,7.0,157.0,3.0,6.0,132.0,9.0,9.0,222.0
p4249.htm#i42482,B0,1284,1330,M,3,7,110,4.0,5.0,47.0,5.0,6.0,95.0,1.0,3.0,19.0
p3717.htm#i37162,B1,1296,1313,M,2,3,81,4.0,4.0,140.0,4.0,7.0,160.0,8.0,7.0,233.0
p38076.htm#i380757,B0,1185,1254,M,3,4,158,6.0,3.0,55.0,8.0,4.0,88.0,,,
p53230.htm#i532298,B0,1185,1229,M,7,6,141,3.0,2.0,28.0,5.0,5.0,63.0,,,
p26758.htm#i267571,B25,1251,1307,M,2,1,11,,,,1.0,1.0,18.0,,,
p11428.htm#i114276,B1,1164,1191,M,2,4,66,2.0,2.0,60.0,4.0,5.0,122.0,2.0,3.0,46.0
p47144.htm#i471439,B26,1268,1304,M,2,7,76,8.0,7.0,100.0,8.0,7.0,103.0,5.0,6.0,82.0
p4315.htm#i43149,B0,1273,1303,M,3,3,26,0.0,1.0,0.0,3.0,2.0,59.0,,,
p11394.htm#i113932,B1,1158,1233,M,4,6,137,4.0,6.0,94.0,6.0,8.0,171.0,1.0,3.0,32.0
p26264.htm#i262632,B26,1275,1331,M,3,6,65,3.0,5.0,102.0,3.0,4.0,62.0,10.0,7.0,161.0
p36860.htm#i368597,B34,1178,1233,M,2,6,36,2.0,3.0,21.0,3.0,8.0,61.0,1.0,2.0,8.0
p4292.htm#i42919,B0,1222,1274,M,2,6,126,3.0,8.0,135.0,8.0,6.0,118.0,11.0,9.0,191.0
p31320.htm#i313198,B26,1260,1314,M,3,12,90,4.0,7.0,77.0,4.0,7.0,81.0,5.0,6.0,70.0
p408.htm#i4074,B34,1153,1217,M,5,10,120,,,,3.0,6.0,87.0,,,
p10492.htm#i104915,B34,1166,1235,M,2,22,299,2.0,7.0,43.0,16.0,27.0,338.0,,,
p794.htm#i7931,B16,1092,1152,M,5,7,74,3.0,3.0,54.0,4.0,3.0,51.0,6.0,4.0,70.0
p11993.htm#i119926,B44,1068,1125,M,5,7,54,5.0,7.0,35.0,5.0,8.0,40.0,1.0,6.0,15.0
p70423.htm#i704223,B34,1056,1110,M,2,7,104,3.0,3.0,48.0,5.0,7.0,98.0,4.0,2.0,24.0
p33518.htm#i335177,B25,1145,1205,M,2,4,67,4.0,4.0,37.0,4.0,6.0,73.0,2.0,4.0,16.0
p73010.htm#i730100,B49,1290,1349,M,4,11,73,4.0,5.0,67.0,4.0,4.0,50.0,11.0,9.0,106.0
p18701.htm#i187002,B26,1250,1312,M,2,7,120,4.0,9.0,148.0,4.0,7.0,102.0,9.0,14.0,218.0
p11576.htm#i115755,B25,1131,1200,M,7,4,58,3.0,6.0,54.0,2.0,4.0,20.0,2.0,4.0,20.0
p10288.htm#i102873,B44,1283,1339,M,13,13,161,9.0,7.0,120.0,9.0,10.0,208.0,7.0,8.0,135.0
p743.htm#i7424,B1,1270,1301,M,3,6,110,3.0,5.0,73.0,10.0,9.0,190.0,1.0,2.0,27.0
p10549.htm#i105488,B1,1244,1279,M,2,5,173,4.0,6.0,182.0,3.0,6.0,174.0,10.0,8.0,222.0
p72538.htm#i725380,B3,1165,1221,M,2,3,37,2.0,3.0,29.0,4.0,3.0,38.0,2.0,1.0,17.0
p15048.htm#i150480,B0,1083,1121,M,4,4,67,1.0,4.0,31.0,3.0,5.0,59.0,,,
p46548.htm#i465479,B34,1166,1230,M,2,6,86,2.0,5.0,63.0,4.0,13.0,161.0,,,
p40138.htm#i401376,B245,1249,1311,M,4,3,31,2.0,2.0,16.0,3.0,3.0,26.0,1.0,2.0,7.0
p190.htm#i1893,B4,1283,1316,M,4,5,112,5.0,6.0,118.0,5.0,6.0,171.0,4.0,7.0,156.0
p67323.htm#i673223,B16,1176,1217,M,1,2,43,,,,7.0,2.0,31.0,,,
p15005.htm#i150041,B1,1158,1192,M,2,3,82,3.0,2.0,77.0,2.0,3.0,58.0,10.0,3.0,132.0
p39263.htm#i392621,B26,1212,1270,M,2,1,6,,,,1.0,1.0,4.0,,,
p11997.htm#i119964,B44,1120,1139,M,2,4,26,4.0,2.0,19.0,5.0,3.0,25.0,1.0,1.0,10.0
p4198.htm#i41976,B4,1243,1260,M,2,5,122,5.0,8.0,120.0,5.0,6.0,158.0,7.0,10.0,155.0
p452.htm#i4513,B4,1216,1249,M,3,8,65,3.0,5.0,59.0,3.0,5.0,66.0,5.0,5.0,98.0
p3211.htm#i32102,B27,1255,1295,M,5,7,96,4.0,8.0,98.0,3.0,8.0,69.0,13.0,11.0,182.0
p70422.htm#i704211,B1,1125,1193,M,2,4,20,,,,1.0,5.0,38.0,,,
p67122.htm#i671220,solo_PL11314,1294,1327,M,2,12,104,5.0,10.0,136.0,,,,15.0,15.0,248.0
p15484.htm#i154833,B25,1275,1330,M,2,2,43,3.0,1.0,26.0,5.0,2.0,47.0,1.0,1.0,13.0
p4094.htm#i40938,B1,1256,1324,M,2,3,92,4.0,4.0,158.0,4.0,3.0,128.0,7.0,6.0,213.0
p10473.htm#i104721,B34,1116,1177,M,2,15,159,4.0,13.0,92.0,4.0,16.0,179.0,3.0,5.0,47.0
p60448.htm#i604474,B0,1115,1147,M,2,2,64,4.0,1.0,59.0,4.0,2.0,47.0,7.0,3.0,70.0
p11579.htm#i115781,B25,1226,1290,M,5,3,61,1.0,1.0,12.0,2.0,1.0,19.0,2.0,2.0,22.0
p15170.htm#i151697,B34,1286,1321,M,4,8,102,3.0,9.0,126.0,3.0,5.0,70.0,9.0,14.0,296.0
p12009.htm#i120082,B44,1250,1294,M,8,6,132,4.0,4.0,45.0,5.0,8.0,133.0,1.0,3.0,16.0
p12004.htm#i120035,B44,1221,1260,M,3,4,44,2.0,5.0,41.0,3.0,4.0,55.0,4.0,7.0,48.0
p4291.htm#i42905,B0,1125,1172,M,8,5,52,1.0,1.0,6.0,2.0,1.0,7.0,,,
p22425.htm#i224249,B27,1199,1259,M,7,3,62,2.0,6.0,85.0,3.0,3.0,32.0,9.0,9.0,190.0
p10529.htm#i105287,B26,1113,1114,M,2,9,79,9.0,11.0,124.0,5.0,11.0,130.0,5.0,12.0,120.0
p349.htm#i3483,B44,1214,1250,M,4,6,93,2.0,6.0,72.0,4.0,5.0,55.0,4.0,8.0,162.0
p11379.htm#i113781,B4,1294,1315,M,2,5,129,8.0,7.0,202.0,8.0,6.0,186.0,14.0,7.0,362.0
p11528.htm#i115280,B4,1040,1113,M,3,11,156,4.0,7.0,62.0,6.0,9.0,132.0,1.0,4.0,21.0
p4090.htm#i40894,B1,1300,1344,M,4,6,81,3.0,4.0,110.0,3.0,5.0,121.0,7.0,5.0,169.0
p4203.htm#i42024,B4,1218,1220,M,2,5,110,6.0,12.0,216.0,6.0,5.0,200.0,15.0,14.0,244.0
p57108.htm#i571072,B26,1212,1254,M,2,1,14,1.0,1.0,4.0,2.0,1.0,7.0,,,
p11343.htm#i113428,B34,1236,1292,M,6,7,223,4.0,6.0,83.0,3.0,4.0,52.0,7.0,7.0,134.0
p30068.htm#i300679,B38,1245,1314,M,5,2,26,2.0,1.0,12.0,2.0,1.0,17.0,1.0,1.0,5.0
p18734.htm#i187339,B38,1042,1102,M,5,3,35,3.0,2.0,20.0,4.0,2.0,33.0,2.0,2.0,12.0
p11300.htm#i112995,B1,1133,1155,M,9,4,74,4.0,4.0,36.0,6.0,4.0,58.0,1.0,2.0,18.0
p11474.htm#i114737,B1,1110,1174,M,2,3,46,,,,3.0,5.0,70.0,,,
p4177.htm#i41765,B3,1245,1321,M,10,18,210,3.0,13.0,159.0,3.0,7.0,71.0,6.0,22.0,337.0
p15522.htm#i155211,B25,1228,1268,M,3,4,72,,,,2.0,2.0,29.0,,,
p10771.htm#i107707,B26,1069,1130,M,2,3,22,3.0,2.0,12.0,1.0,2.0,9.0,5.0,2.0,18.0
p10545.htm#i105446,B1,1095,1155,M,2,5,82,4.0,5.0,68.0,3.0,7.0,96.0,6.0,5.0,55.0
p49171.htm#i491703,B38,1274,1334,M,7,6,55,,,,1.0,1.0,8.0,,,
p4192.htm#i41912,B4,1227,1243,M,2,5,109,5.0,5.0,120.0,6.0,8.0,159.0,7.0,6.0,184.0
p10483.htm#i104826,B4,1066,1130,M,4,9,126,7.0,10.0,148.0,3.0,9.0,103.0,5.0,12.0,220.0
p61959.htm#i619584,B38,1274,1334,M,3,4,30,,,,1.0,1.0,8.0,,,
p10683.htm#i106825,B34,1206,1245,M,5,7,85,2.0,2.0,2.0,2.0,7.0,45.0,1.0,2.0,2.0
p4049.htm#i40485,B34,1094,1162,M,3,2,15,,,,2.0,4.0,18.0,,,
p10471.htm#i104703,B34,1140,1200,M,2,14,158,3.0,13.0,115.0,4.0,16.0,225.0,1.0,4.0,39.0
p4178.htm#i41778,B34,1286,1347,M,3,14,49,,,,2.0,6.0,47.0,,,
p778.htm#i7771,B1,1266,1330,M,10,6,241,7.0,6.0,133.0,7.0,9.0,182.0,15.0,5.0,159.0
p11395.htm#i113950,B1,1209,1239,M,3,8,146,7.0,6.0,161.0,11.0,7.0,197.0,9.0,7.0,259.0
p4187.htm#i41861,B4,1254,1284,M,2,4,157,4.0,5.0,173.0,10.0,5.0,172.0,14.0,8.0,225.0
p4250.htm#i42498,B0,1258,1306,M,2,6,97,3.0,7.0,98.0,4.0,5.0,117.0,9.0,8.0,151.0
p68850.htm#i688496,B0,1080,1117,M,4,5,61,3.0,5.0,60.0,3.0,5.0,81.0,7.0,5.0,99.0
p358.htm#i3571,B34,1245,1287,M,7,10,162,5.0,5.0,114.0,6.0,10.0,193.0,7.0,5.0,101.0
p49169.htm#i491689,B38,1134,1191,M,3,1,16,,,,2.0,1.0,16.0,,,
p10202.htm#i102015,B34,1153,1156,M,2,14,113,6.0,19.0,172.0,4.0,22.0,246.0,4.0,17.0,136.0
p64747.htm#i647463,B34,1184,1228,M,2,8,73,4.0,10.0,114.0,3.0,9.0,79.0,7.0,18.0,229.0
p10472.htm#i104716,B34,1116,1178,M,2,15,159,4.0,13.0,92.0,4.0,16.0,179.0,3.0,5.0,47.0
p68162.htm#i681619,B26,1258,1320,M,4,6,101,3.0,5.0,106.0,3.0,6.0,80.0,9.0,7.0,132.0
p10777.htm#i107762,B38,1238,1281,M,10,13,140,4.0,6.0,86.0,3.0,9.0,69.0,1.0,6.0,26.0
p847.htm#i8467,B1,1156,1190,M,2,6,86,5.0,7.0,66.0,5.0,9.0,109.0,5.0,5.0,48.0
p11578.htm#i115779,B25,1218,1278,M,4,2,51,,,,1.0,2.0,21.0,,,
p58843.htm#i588421,B16,1102,1149,M,5,5,51,1.0,2.0,12.0,3.0,4.0,37.0,,,
p4313.htm#i43127,B0,1290,1360,M,5,8,95,2.0,2.0,27.0,3.0,3.0,70.0,1.0,2.0,8.0
p4168.htm#i41677,B34,1125,1185,M,6,13,156,2.0,16.0,196.0,3.0,13.0,107.0,29.0,22.0,375.0
p10687.htm#i106865,B26,1250,1305,M,5,8,146,4.0,9.0,148.0,4.0,7.0,102.0,9.0,14.0,218.0
p58996.htm#i589953,B26,1160,1216,M,2,1,8,,,,1.0,1.0,7.0,,,
p32568.htm#i325675,B34,1156,1190,M,2,6,93,6.0,14.0,182.0,5.0,6.0,88.0,10.0,14.0,196.0
p67305.htm#i673044,B16,1201,1274,M,2,3,20,,,,1.0,1.0,5.0,,,
p4178.htm#i41774,B3,1245,1303,M,2,9,88,3.0,13.0,159.0,3.0,7.0,71.0,6.0,22.0,337.0
p11425.htm#i114247,B1,1063,1105,M,4,4,46,,,,,,,,,
p32211.htm#i322107,B25,1231,1241,M,2,5,73,8.0,10.0,140.0,5.0,5.0,78.0,5.0,10.0,129.0
p4246.htm#i42459,B0,1193,1251,M,8,4,131,3.0,4.0,78.0,3.0,3.0,112.0,5.0,4.0,108.0
p67275.htm#i672745,B16,1284,1342,M,2,3,51,5.0,2.0,25.0,4.0,3.0,47.0,2.0,2.0,12.0
p72885.htm#i728850,B4,1245,1246,M,1,6,36,,,,5.0,8.0,92.0,,,
p22081.htm#i220801,B1,1086,1161,M,1,1,14,,,,1.0,4.0,40.0,,,
p36296.htm#i362954,B0,1229,1258,M,2,6,104,6.0,7.0,180.0,5.0,6.0,128.0,11.0,8.0,245.0
p4268.htm#i42676,B27,1200,1254,M,14,16,218,3.0,11.0,114.0,3.0,9.0,82.0,9.0,9.0,195.0
p4207.htm#i42065,B4,1170,1230,M,4,7,60,2.0,14.0,147.0,0.0,1.0,0.0,10.0,18.0,306.0
p40565.htm#i405648,B34,1203,1270,M,4,7,86,1.0,1.0,14.0,3.0,3.0,25.0,,,
p64713.htm#i647122,B0,1270,1331,M,5,3,99,3.0,4.0,88.0,3.0,3.0,87.0,4.0,7.0,191.0
p58958.htm#i589573,B0,1140,1202,M,4,2,47,2.0,1.0,15.0,3.0,1.0,30.0,1.0,1.0,7.0
p903.htm#i9022,B1,1220,1266,M,8,7,65,4.0,5.0,53.0,4.0,7.0,89.0,5.0,3.0,111.0
p4250.htm#i42494,B0,1260,1281,M,3,6,97,6.0,7.0,102.0,7.0,5.0,120.0,9.0,8.0,157.0
p11480.htm#i114793,B1,1244,1271,M,2,1,37,2.0,1.0,25.0,4.0,1.0,40.0,1.0,1.0,15.0
p11475.htm#i114750,B1,1196,1252,M,3,3,55,5.0,3.0,35.0,7.0,3.0,57.0,,,
p26757.htm#i267562,B25,1131,1190,M,2,4,52,3.0,6.0,54.0,2.0,4.0,20.0,2.0,4.0,20.0
p4088.htm#i40878,B1,1212,1256,M,2,5,167,4.0,2.0,108.0,4.0,4.0,120.0,7.0,4.0,132.0
p10768.htm#i107672,B26,1078,1138,M,3,9,54,2.0,7.0,35.0,4.0,8.0,65.0,,,
p22114.htm#i221135,B26,1273,1314,M,2,2,47,1.0,1.0,22.0,3.0,2.0,49.0,,,
p10462.htm#i104620,B4,1156,1222,M,10,12,266,8.0,11.0,181.0,7.0,7.0,98.0,11.0,12.0,267.0
p56808.htm#i568075,B3,1224,1279,M,5,1,14,2.0,1.0,10.0,3.0,1.0,14.0,1.0,1.0,7.0
p25498.htm#i254980,B27,1220,1267,M,3,4,55,4.0,5.0,66.0,2.0,3.0,30.0,8.0,10.0,118.0
p10469.htm#i104688,B34,1133,1188,M,1,15,163,,,,2.0,16.0,225.0,,,
p4724.htm#i47236,B34,1289,1333,M,4,13,100,3.0,12.0,80.0,3.0,12.0,78.0,10.0,11.0,136.0
p1962.htm#i19615,B26,1240,1271,M,6,6,50,1.0,3.0,11.0,3.0,3.0,18.0,,,
p10487.htm#i104868,B34,1176,1224,M,2,10,131,0.0,1.0,0.0,4.0,17.0,201.0,,,
p11579.htm#i115783,B25,1240,1290,M,8,2,47,2.0,1.0,14.0,3.0,1.0,21.0,2.0,2.0,26.0
p10249.htm#i102483,B26,1295,1346,M,7,8,65,3.0,2.0,37.0,4.0,1.0,52.0,5.0,4.0,55.0
p67331.htm#i673307,B16,1083,1143,M,1,1,24,,,,3.0,3.0,29.0,,,
p10466.htm#i104655,B34,1100,1148,M,5,12,172,7.0,7.0,56.0,6.0,7.0,55.0,3.0,7.0,42.0
p10472.htm#i104720,B34,1116,1177,M,2,15,159,4.0,13.0,92.0,4.0,16.0,179.0,3.0,5.0,47.0
p1962.htm#i19612,B26,1243,1285,M,9,5,42,4.0,4.0,24.0,5.0,4.0,31.0,1.0,4.0,15.0
p58609.htm#i586086,B12,1260,1300,M,5,2,66,3.0,2.0,47.0,3.0,2.0,41.0,7.0,2.0,65.0
p10493.htm#i104927,B34,1197,1246,M,2,20,278,3.0,7.0,41.0,8.0,28.0,312.0,,,
p45043.htm#i450425,B26,1180,1240,M,1,1,8,,,,1.0,1.0,5.0,,,
p1632.htm#i16320,B4,1228,1270,M,3,7,123,3.0,4.0,43.0,5.0,7.0,72.0,5.0,5.0,48.0
p11477.htm#i114763,B1,1241,1277,M,2,1,54,9.0,1.0,46.0,10.0,3.0,55.0,3.0,2.0,55.0
p11478.htm#i114775,B1,1218,1264,M,6,1,54,2.0,1.0,31.0,3.0,3.0,40.0,3.0,2.0,42.0
p10469.htm#i104684,B25,1100,1176,M,13,6,100,3.0,3.0,9.0,3.0,3.0,8.0,2.0,3.0,10.0
p65424.htm#i654239,B3,1096,1156,M,2,1,7,,,,2.0,1.0,6.0,,,
p53084.htm#i530836,B4,1252,1321,M,4,10,65,4.0,7.0,68.0,4.0,6.0,73.0,6.0,6.0,75.0
p36887.htm#i368870,B36,1243,1296,M,1,3,11,,,,1.0,5.0,30.0,,,
p67325.htm#i673247,B16,1190,1250,M,6,2,57,5.0,2.0,29.0,5.0,2.0,39.0,2.0,2.0,23.0
p60135.htm#i601345,B38,1242,1315,M,3,11,96,5.0,6.0,95.0,4.0,9.0,77.0,1.0,6.0,30.0
p40592.htm#i405919,B36,1224,1261,M,3,5,71,2.0,4.0,45.0,3.0,4.0,34.0,,,
p30067.htm#i300667,B38,1233,1298,M,3,1,13,1.0,1.0,6.0,2.0,1.0,12.0,,,
p4205.htm#i42044,B4,1276,1336,M,3,5,135,2.0,4.0,60.0,4.0,5.0,158.0,,,
p11579.htm#i115788,B25,1271,1347,M,4,2,46,5.0,1.0,20.0,7.0,1.0,33.0,,,
p70350.htm#i703497,B25,1230,1281,M,2,8,98,6.0,13.0,125.0,7.0,10.0,126.0,6.0,14.0,111.0
p46549.htm#i465481,B34,1166,1228,M,2,6,85,2.0,5.0,63.0,4.0,13.0,161.0,,,
p15142.htm#i151416,B25,1276,1328,M,6,10,91,2.0,1.0,10.0,2.0,2.0,21.0,1.0,1.0,5.0
p65424.htm#i654237,B3,1213,1280,M,4,4,31,2.0,1.0,5.0,2.0,1.0,7.0,1.0,1.0,4.0
p358.htm#i3573,B25,1220,1286,M,7,6,116,2.0,2.0,22.0,4.0,4.0,40.0,,,
p835.htm#i8347,B0,1298,1358,M,7,7,63,7.0,3.0,36.0,7.0,8.0,60.0,2.0,2.0,28.0
p19829.htm#i198286,B34,1131,1192,M,2,14,194,5.0,17.0,235.0,7.0,14.0,161.0,30.0,23.0,406.0
p58192.htm#i581918,B0,1232,1303,M,4,3,120,3.0,3.0,74.0,3.0,1.0,53.0,7.0,3.0,90.0
p11477.htm#i114764,B1,1220,1271,M,6,1,52,7.0,1.0,37.0,8.0,3.0,46.0,3.0,2.0,47.0
p906.htm#i9056,B1,1251,1308,M,4,5,136,3.0,7.0,144.0,3.0,3.0,123.0,12.0,9.0,244.0
p15835.htm#i158349,B34,1084,1136,M,6,8,118,4.0,4.0,31.0,3.0,3.0,32.0,3.0,4.0,26.0
p70902.htm#i709019,B4,1123,1183,M,3,7,52,3.0,4.0,18.0,6.0,4.0,35.0,2.0,4.0,16.0
p10217.htm#i102164,B0,1080,1125,M,4,9,124,5.0,6.0,77.0,5.0,7.0,90.0,5.0,5.0,92.0
p16403.htm#i164025,B1,1170,1212,M,5,4,28,0.0,1.0,0.0,1.0,3.0,10.0,,,
p10311.htm#i103110,B4,1123,1188,M,8,9,272,7.0,7.0,137.0,7.0,8.0,148.0,5.0,5.0,83.0
p463.htm#i4624,B34,1148,1208,M,5,12,81,3.0,8.0,57.0,4.0,11.0,104.0,1.0,3.0,18.0
p453.htm#i4521,B4,1183,1238,M,5,5,56,1.0,2.0,20.0,2.0,1.0,11.0,5.0,3.0,48.0
p3816.htm#i38158,B26,1281,1342,M,2,6,55,3.0,7.0,83.0,2.0,5.0,57.0,6.0,9.0,131.0
p10248.htm#i102476,B34,1180,1230,M,9,11,184,3.0,10.0,111.0,2.0,9.0,77.0,7.0,17.0,224.0
p49170.htm#i491698,B38,1134,1191,M,4,1,22,,,,2.0,1.0,16.0,,,
p489.htm#i4890,B26,1264,1330,M,4,5,17,0.0,1.0,0.0,2.0,6.0,35.0,,,
p10667.htm#i106670,B1,1047,1102,M,2,3,36,1.0,3.0,25.0,3.0,5.0,52.0,,,
p2360.htm#i23599,B36,1163,1219,M,2,4,62,3.0,3.0,38.0,6.0,5.0,63.0,1.0,2.0,19.0
p459.htm#i4585,B26,1098,1161,M,4,14,129,,,,,,,,,
p69533.htm#i695327,B0,1065,1131,M,2,6,76,,,,,,,,,
p4184.htm#i41835,B1,1254,1305,M,2,7,136,5.0,7.0,119.0,4.0,6.0,173.0,9.0,6.0,137.0
p4280.htm#i42791,B1,1147,1172,M,1,3,47,,,,4.0,3.0,54.0,,,
p59550.htm#i595492,B3,1284,1344,M,2,3,42,1.0,2.0,34.0,3.0,7.0,79.0,,,
p8701.htm#i87005,B11,1288,1333,M,2,4,92,4.0,4.0,121.0,3.0,4.0,97.0,11.0,4.0,121.0
p176.htm#i1755,B0,1088,1120,M,5,6,102,5.0,6.0,66.0,5.0,5.0,88.0,7.0,6.0,107.0
p70907.htm#i709062,B4,1293,1329,M,2,8,153,3.0,8.0,202.0,3.0,10.0,209.0,20.0,10.0,307.0
p65590.htm#i655892,B25,1268,1327,M,2,6,82,3.0,7.0,118.0,3.0,6.0,69.0,7.0,7.0,177.0
p776.htm#i7751,B1,1296,1303,M,2,4,110,7.0,5.0,154.0,7.0,4.0,199.0,6.0,5.0,152.0
p60449.htm#i604487,B0,1184,1245,M,2,4,97,4.0,3.0,53.0,6.0,4.0,86.0,,,
p795.htm#i7941,B1,1195,1214,M,3,8,136,3.0,7.0,113.0,4.0,13.0,202.0,5.0,5.0,148.0
p15186.htm#i151859,B26,1300,1349,M,8,9,76,3.0,6.0,78.0,3.0,4.0,44.0,10.0,8.0,138.0
p11996.htm#i119960,B44,1155,1216,M,2,7,93,7.0,8.0,97.0,4.0,7.0,64.0,1.0,6.0,49.0
p15487.htm#i154864,B25,1150,1203,M,4,4,67,9.0,4.0,43.0,9.0,6.0,79.0,2.0,4.0,21.0
p11578.htm#i115777,B25,1191,1261,M,4,2,40,,,,2.0,4.0,23.0,,,
p70910.htm#i709097,B44,1245,1291,M,3,2,29,1.0,1.0,11.0,3.0,2.0,30.0,,,
p62.htm#i618,B3,1113,1163,M,3,4,23,3.0,3.0,16.0,2.0,2.0,8.0,1.0,2.0,8.0
p17014.htm#i170137,B27,1290,1344,M,6,6,37,1.0,2.0,11.0,3.0,3.0,25.0,,,
p4296.htm#i42956,B0,1288,1332,M,4,8,137,2.0,4.0,55.0,5.0,5.0,130.0,,,
p11341.htm#i113407,B4,1094,1185,M,6,7,149,3.0,4.0,75.0,3.0,4.0,69.0,7.0,5.0,110.0
p3887.htm#i38866,B27,1239,1279,M,6,15,222,3.0,11.0,136.0,11.0,12.0,173.0,9.0,13.0,184.0
p65425.htm#i654244,B3,1051,1106,M,3,1,7,3.0,1.0,5.0,3.0,1.0,7.0,1.0,1.0,4.0
p10683.htm#i106823,B34,1187,1241,M,3,12,194,4.0,7.0,55.0,4.0,4.0,33.0,5.0,11.0,143.0
p10254.htm#i102539,B4,1241,1282,M,5,11,89,3.0,4.0,49.0,3.0,6.0,70.0,5.0,5.0,56.0
p52904.htm#i529035,B26,1191,1248,M,2,6,81,4.0,5.0,64.0,4.0,1.0,14.0,3.0,7.0,113.0
p11335.htm#i113344,B4,1235,1286,M,2,5,173,5.0,5.0,166.0,8.0,6.0,171.0,11.0,6.0,209.0
p10476.htm#i104754,B34,1136,1174,M,7,16,191,4.0,13.0,94.0,10.0,16.0,220.0,4.0,7.0,51.0
p40595.htm#i405950,B36,1189,1249,M,5,4,31,3.0,6.0,18.0,3.0,3.0,11.0,1.0,3.0,11.0
p87.htm#i861,B26,1271,1321,M,2,6,38,4.0,4.0,29.0,4.0,6.0,48.0,4.0,2.0,16.0
p4050.htm#i40493,B34,1090,1116,M,2,8,91,5.0,13.0,117.0,5.0,10.0,114.0,8.0,12.0,141.0
p10251.htm#i102505,B0,1140,1182,M,3,7,89,1.0,3.0,37.0,4.0,5.0,75.0,,,
p467.htm#i4661,B151,1237,1297,M,3,3,36,2.0,2.0,33.0,2.0,1.0,3.0,4.0,2.0,51.0
p60231.htm#i602301,B3,1000,1105,M,2,1,6,,,,1.0,1.0,12.0,,,
p10475.htm#i104750,B34,1108,1151,M,4,16,120,3.0,11.0,56.0,4.0,13.0,121.0,2.0,7.0,23.0
p2349.htm#i23486,B34,1203,1224,M,2,8,99,7.0,8.0,129.0,7.0,8.0,146.0,9.0,9.0,206.0
p24826.htm#i248257,B4,1174,1239,M,9,8,169,8.0,9.0,131.0,8.0,10.0,218.0,7.0,9.0,136.0
p4305.htm#i43047,B0,1215,1278,M,15,3,161,3.0,3.0,70.0,3.0,1.0,39.0,11.0,5.0,143.0
p10239.htm#i102383,B4,1187,1226,M,12,5,234,3.0,8.0,185.0,5.0,8.0,270.0,7.0,9.0,188.0
p10118.htm#i101178,B34,1146,1206,M,4,15,127,2.0,4.0,19.0,4.0,2.0,16.0,3.0,4.0,9.0
p15227.htm#i152267,B1,1209,1268,M,2,1,5,,,,1.0,1.0,7.0,,,
p10204.htm#i102036,B34,1103,1120,M,3,20,239,5.0,13.0,163.0,19.0,15.0,223.0,15.0,14.0,164.0
p51099.htm#i510989,B15,1296,1352,M,3,1,8,,,,1.0,1.0,5.0,,,
p899.htm#i8988,B1,1142,1181,M,7,10,138,12.0,10.0,139.0,12.0,8.0,106.0,4.0,8.0,122.0
p46548.htm#i465480,B34,1166,1229,M,2,6,85,2.0,5.0,63.0,4.0,13.0,161.0,,,
p10668.htm#i106676,B1,1057,1118,M,2,7,113,5.0,9.0,162.0,3.0,8.0,100.0,8.0,10.0,221.0
p10249.htm#i102488,B34,1240,1313,M,5,11,126,9.0,8.0,115.0,9.0,5.0,58.0,9.0,11.0,165.0
p67260.htm#i672597,B16,1040,1100,M,2,4,34,,,,,,,,,
p783.htm#i7828,B1,1283,1309,M,2,5,142,4.0,8.0,185.0,4.0,5.0,190.0,11.0,10.0,210.0
p11699.htm#i116990,B3,1117,1172,M,2,1,11,3.0,1.0,8.0,2.0,1.0,8.0,3.0,1.0,8.0
p4725.htm#i47245,B34,1250,1311,M,4,9,90,2.0,5.0,44.0,3.0,6.0,74.0,3.0,7.0,70.0
p67331.htm#i673308,B16,1086,1146,M,1,1,24,,,,4.0,3.0,30.0,,,
p67322.htm#i673213,B16,1262,1314,M,2,1,37,2.0,1.0,25.0,4.0,2.0,52.0,,,
p824.htm#i8239,B44,1170,1237,M,10,10,203,5.0,3.0,35.0,6.0,4.0,48.0,1.0,3.0,20.0
p22822.htm#i228214,B26,1297,1357,M,3,1,9,,,,2.0,1.0,9.0,,,
p10696.htm#i106952,B36,1295,1342,M,8,20,142,4.0,5.0,56.0,4.0,5.0,77.0,5.0,4.0,41.0
p359.htm#i3584,B44,1226,1263,M,10,9,170,6.0,10.0,193.0,9.0,9.0,176.0,9.0,9.0,200.0
p15167.htm#i151670,B1,1298,1341,M,1,2,22,,,,2.0,1.0,38.0,,,
p68850.htm#i688497,B0,1115,1192,M,4,3,33,1.0,3.0,27.0,3.0,5.0,58.0,,,
p73517.htm#i735170,B0,1115,1156,M,4,1,44,3.0,1.0,27.0,1.0,1.0,14.0,4.0,1.0,45.0
p10684.htm#i106835,B4,1178,1232,M,9,7,133,3.0,5.0,65.0,5.0,10.0,177.0,2.0,5.0,21.0
p70902.htm#i709018,B4,1066,1126,M,8,4,40,3.0,5.0,62.0,1.0,4.0,22.0,4.0,5.0,100.0
p38181.htm#i381806,B0,1223,1303,M,6,4,221,6.0,5.0,125.0,10.0,4.0,155.0,3.0,5.0,118.0
p366.htm#i3653,B0,1110,1196,M,3,5,102,4.0,2.0,60.0,5.0,2.0,63.0,7.0,2.0,76.0
p64710.htm#i647097,B0,1133,1183,M,4,3,45,3.0,5.0,67.0,3.0,3.0,33.0,9.0,6.0,88.0
p72102.htm#i721011,B27,1130,1180,M,2,5,48,3.0,6.0,70.0,3.0,7.0,56.0,8.0,7.0,81.0
p4177.htm#i41770,B3,1268,1317,M,2,12,113,5.0,11.0,155.0,5.0,13.0,125.0,14.0,17.0,249.0
p15187.htm#i151861,B3,1272,1311,M,4,7,92,3.0,7.0,80.0,6.0,11.0,117.0,11.0,9.0,86.0
p11527.htm#i115269,B4,1269,1312,M,1,3,37,,,,3.0,4.0,68.0,,,
p58843.htm#i588424,B16,1133,1192,M,5,5,54,2.0,13.0,106.0,3.0,5.0,46.0,3.0,16.0,210.0
p836.htm#i8358,B1,1256,1315,M,10,5,203,10.0,4.0,97.0,12.0,5.0,136.0,1.0,4.0,34.0
p52904.htm#i529039,B26,1191,1248,M,2,6,81,4.0,5.0,64.0,4.0,1.0,14.0,3.0,7.0,113.0
p362.htm#i3617,B12,1219,1295,M,4,7,124,5.0,4.0,105.0,2.0,4.0,30.0,5.0,9.0,190.0
p10288.htm#i102871,B26,1141,1165,M,3,12,118,4.0,13.0,129.0,4.0,12.0,136.0,7.0,13.0,119.0
p10783.htm#i107827,B34,1238,1271,M,3,9,109,3.0,8.0,103.0,3.0,5.0,47.0,9.0,11.0,155.0
p369.htm#i3687,B4,1177,1201,M,2,7,112,,,,5.0,8.0,221.0,,,
p53065.htm#i530641,B44,1278,1322,M,6,5,40,3.0,9.0,74.0,4.0,3.0,38.0,4.0,10.0,80.0
p58176.htm#i581753,B27,1104,1158,M,2,6,60,3.0,9.0,75.0,3.0,7.0,48.0,5.0,12.0,105.0
p12001.htm#i120004,B44,1243,1278,M,3,5,66,4.0,5.0,94.0,3.0,5.0,84.0,3.0,5.0,72.0
p49170.htm#i491700,B38,1163,1219,M,3,1,17,1.0,1.0,10.0,2.0,1.0,16.0,,,
p46278.htm#i462780,B26,1171,1210,M,1,8,74,,,,2.0,12.0,123.0,,,
p68959.htm#i689582,B36,1177,1221,M,1,2,34,,,,4.0,3.0,52.0,,,
p66755.htm#i667547,B15,1276,1336,M,1,2,17,,,,3.0,2.0,17.0,,,
p11385.htm#i113845,B1,1286,1330,M,4,12,188,6.0,5.0,142.0,6.0,5.0,134.0,3.0,5.0,108.0
p11334.htm#i113333,B4,1223,1236,M,3,3,35,1.0,3.0,33.0,3.0,5.0,88.0,,,
p4031.htm#i40309,B34,1125,1162,M,4,4,64,1.0,2.0,19.0,3.0,4.0,46.0,,,
p27849.htm#i278489,B26,1272,1332,M,2,2,12,,,,2.0,2.0,23.0,,,
p782.htm#i7811,B1,1267,1346,M,2,6,231,6.0,4.0,179.0,6.0,7.0,228.0,5.0,5.0,145.0
p11336.htm#i113354,B4,1277,1343,M,5,13,240,5.0,4.0,112.0,5.0,6.0,158.0,9.0,4.0,130.0
p59196.htm#i591960,B0,1230,1275,M,4,3,78,2.0,2.0,17.0,4.0,2.0,30.0,1.0,1.0,9.0
p67307.htm#i673066,B16,1181,1223,M,1,1,20,,,,1.0,1.0,30.0,,,
p4036.htm#i40356,B1,1290,1320,M,2,6,147,3.0,4.0,168.0,2.0,6.0,174.0,12.0,6.0,176.0
p38685.htm#i386848,B25,1270,1328,M,5,4,47,1.0,1.0,26.0,2.0,2.0,45.0,,,
p10224.htm#i102234,B25,1276,1321,M,14,15,230,3.0,9.0,78.0,3.0,10.0,123.0,8.0,9.0,71.0
p10287.htm#i102869,B25,1176,1220,M,4,12,135,6.0,14.0,181.0,2.0,9.0,70.0,11.0,17.0,226.0
p65459.htm#i654586,B34,1080,1140,M,4,4,39,1.0,2.0,14.0,3.0,4.0,39.0,,,
p10470.htm#i104698,B34,1110,1175,M,10,18,314,6.0,12.0,83.0,25.0,19.0,290.0,1.0,6.0,36.0
p10467.htm#i104670,B34,1082,1136,M,3,13,110,,,,,,,,,
p10790.htm#i107895,B26,1292,1347,M,2,9,75,2.0,9.0,109.0,1.0,6.0,44.0,15.0,14.0,244.0
p24828.htm#i248271,B4,1158,1220,M,2,8,153,5.0,8.0,106.0,5.0,9.0,169.0,7.0,8.0,124.0
p1700.htm#i16997,B4,1164,1204,M,3,5,30,3.0,4.0,39.0,0.0,1.0,0.0,4.0,8.0,90.0
p474.htm#i4734,B1,1288,1348,M,11,9,169,4.0,4.0,100.0,3.0,3.0,109.0,9.0,3.0,88.0
p10248.htm#i102474,B26,1210,1295,M,6,16,212,3.0,10.0,134.0,3.0,6.0,55.0,14.0,19.0,257.0
p11477.htm#i114767,B1,1255,1285,M,2,1,37,3.0,1.0,32.0,4.0,1.0,48.0,1.0,1.0,14.0
p10461.htm#i104610,B34,1214,1264,M,2,17,231,7.0,24.0,264.0,3.0,12.0,99.0,4.0,16.0,143.0
p824.htm#i8240,B4,1166,1197,M,4,7,149,,,,3.0,7.0,162.0,,,
p24822.htm#i248217,B34,1155,1215,M,3,5,70,4.0,8.0,98.0,3.0,6.0,69.0,9.0,10.0,142.0
p35429.htm#i354283,B25,1130,1196,M,1,4,45,,,,2.0,6.0,51.0,,,
p10549.htm#i105490,B1,1240,1291,M,6,5,144,3.0,2.0,87.0,1.0,1.0,36.0,13.0,4.0,146.0
p67229.htm#i672289,B1,1100,1160,M,4,6,74,3.0,3.0,37.0,1.0,3.0,20.0,6.0,4.0,71.0
p15884.htm#i158839,B25,1245,1305,M,9,3,71,,,,1.0,4.0,39.0,,,
p11397.htm#i113970,B1,1216,1288,M,11,10,281,11.0,6.0,126.0,10.0,9.0,169.0,7.0,4.0,145.0
p19230.htm#i192297,B34,1281,1321,M,2,5,41,1.0,4.0,29.0,3.0,5.0,81.0,,,
p11393.htm#i113929,B1,1137,1197,M,2,1,28,1.0,1.0,21.0,3.0,2.0,46.0,,,
p4295.htm#i42947,B0,1295,1368,M,3,12,152,9.0,5.0,117.0,13.0,6.0,192.0,4.0,5.0,77.0
p68959.htm#i689586,B36,1239,1295,M,2,3,29,,,,2.0,3.0,44.0,,,
p68957.htm#i689566,B36,1120,1181,M,2,5,72,4.0,8.0,60.0,4.0,4.0,38.0,7.0,9.0,95.0
p2206.htm#i22053,B26,1294,1323,M,3,11,107,4.0,10.0,132.0,5.0,7.0,70.0,15.0,15.0,248.0
p4257.htm#i42567,B0,1132,1176,M,3,12,181,4.0,14.0,155.0,5.0,10.0,147.0,10.0,16.0,207.0
p10264.htm#i102632,B1,1050,1106,M,4,7,121,,,,8.0,5.0,110.0,,,
p11463.htm#i114625,B1,1221,1257,M,5,2,73,3.0,1.0,22.0,4.0,2.0,60.0,1.0,1.0,10.0
p58844.htm#i588436,B16,1275,1336,M,3,4,25,2.0,1.0,8.0,3.0,2.0,12.0,1.0,1.0,6.0
p56807.htm#i568064,B3,1128,1186,M,2,4,62,,,,2.0,6.0,51.0,,,
p15562.htm#i155620,B25,1197,1261,M,11,4,62,3.0,4.0,36.0,3.0,4.0,62.0,3.0,2.0,24.0
p10260.htm#i102599,B3,1200,1244,M,8,11,103,0.0,1.0,0.0,3.0,8.0,81.0,,,
p10456.htm#i104560,B4,1269,1291,M,3,8,178,4.0,6.0,140.0,4.0,7.0,176.0,4.0,6.0,190.0
p67271.htm#i672709,B16,1094,1170,M,2,1,18,,,,2.0,1.0,18.0,,,
p19078.htm#i190776,B25,1241,1301,M,7,2,66,,,,9.0,4.0,54.0,,,
p70422.htm#i704214,B34,1078,1134,M,2,7,56,4.0,6.0,81.0,1.0,6.0,38.0,13.0,8.0,160.0
p58972.htm#i589715,B0,1278,1344,M,2,5,94,5.0,2.0,69.0,6.0,1.0,78.0,8.0,3.0,126.0
p11412.htm#i114118,B1,1235,1272,M,4,5,156,2.0,5.0,99.0,11.0,6.0,209.0,2.0,4.0,48.0
p40494.htm#i404931,B3,1092,1132,M,2,4,32,2.0,1.0,7.0,3.0,1.0,9.0,1.0,1.0,6.0
p10687.htm#i106869,B38,1297,1349,M,3,14,145,4.0,12.0,104.0,4.0,11.0,111.0,7.0,12.0,137.0
p15192.htm#i151916,B16,1130,1190,M,2,2,20,,,,2.0,3.0,39.0,,,
p10915.htm#i109146,B26,1154,1203,M,3,2,14,,,,1.0,2.0,26.0,,,
p15019.htm#i150189,B1,1285,1320,M,3,3,80,3.0,3.0,84.0,3.0,3.0,72.0,9.0,4.0,150.0
p11431.htm#i114301,B4,1217,1246,M,3,6,113,6.0,13.0,213.0,6.0,7.0,141.0,15.0,14.0,243.0
p67274.htm#i672733,B11,1172,1234,M,2,3,58,7.0,1.0,22.0,,,,2.0,1.0,21.0
p15227.htm#i152265,B1,1134,1189,M,2,2,79,,,,4.0,5.0,113.0,,,
p10456.htm#i104559,B0,1300,1355,M,7,12,239,3.0,8.0,240.0,3.0,8.0,201.0,21.0,16.0,443.0
p10770.htm#i107695,B26,1134,1206,M,7,7,60,4.0,3.0,38.0,3.0,4.0,47.0,8.0,5.0,55.0
p26757.htm#i267567,B25,1191,1251,M,1,2,29,,,,2.0,4.0,23.0,,,
p61957.htm#i619568,B38,1235,1295,M,1,1,21,,,,5.0,1.0,23.0,,,
p72640.htm#i726394,B34,1132,1204,M,2,14,197,6.0,17.0,236.0,8.0,14.0,162.0,30.0,23.0,411.0
p10252.htm#i102516,B34,1137,1171,M,4,10,145,4.0,16.0,156.0,4.0,8.0,74.0,6.0,17.0,194.0
p12963.htm#i129627,B3,1298,1346,M,4,17,153,8.0,8.0,122.0,9.0,11.0,175.0,6.0,7.0,105.0
p10464.htm#i104636,B1,1175,1218,M,4,13,279,7.0,19.0,234.0,11.0,13.0,200.0,20.0,27.0,375.0
p10459.htm#i104587,B1,1238,1253,M,2,14,215,5.0,23.0,328.0,11.0,16.0,296.0,22.0,34.0,577.0
p67322.htm#i673214,B16,1255,1307,M,8,1,52,3.0,1.0,21.0,4.0,2.0,41.0,2.0,1.0,13.0
p10118.htm#i101176,B4,1260,1294,M,3,6,153,4.0,8.0,111.0,11.0,7.0,162.0,9.0,8.0,157.0
p4292.htm#i42917,B0,1228,1277,M,3,6,127,5.0,8.0,141.0,10.0,6.0,126.0,11.0,9.0,198.0
p4031.htm#i40307,B0,1115,1176,M,10,5,171,3.0,6.0,79.0,3.0,3.0,45.0,4.0,7.0,109.0
p39209.htm#i392082,B26,1284,1344,M,4,7,77,6.0,6.0,103.0,2.0,3.0,47.0,8.0,8.0,124.0
p4291.htm#i42907,B0,1155,1208,M,2,4,47,3.0,4.0,50.0,3.0,2.0,25.0,3.0,4.0,55.0
p10484.htm#i104839,B4,1081,1107,M,2,8,121,3.0,8.0,131.0,3.0,8.0,94.0,13.0,11.0,193.0
p10484.htm#i104838,B4,1087,1147,M,2,9,166,7.0,10.0,145.0,8.0,9.0,105.0,13.0,13.0,209.0
p48333.htm#i483321,B4,1107,1148,M,2,2,28,1.0,2.0,19.0,3.0,2.0,35.0,,,
p70904.htm#i709039,B4,1128,1188,M,3,3,48,4.0,3.0,44.0,4.0,4.0,29.0,4.0,6.0,72.0
p4089.htm#i40883,B1,1279,1322,M,4,7,132,2.0,4.0,36.0,4.0,7.0,217.0,,,
p362.htm#i3618,B0,1251,1294,M,7,9,267,3.0,6.0,107.0,3.0,6.0,147.0,11.0,7.0,141.0
p68850.htm#i688499,B0,1175,1236,M,3,1,10,1.0,1.0,7.0,3.0,1.0,13.0,,,
p53225.htm#i532248,B0,1231,1291,M,2,1,23,1.0,1.0,18.0,3.0,2.0,42.0,,,
p22425.htm#i224250,B27,1199,1259,M,2,3,57,2.0,6.0,85.0,3.0,3.0,32.0,9.0,9.0,190.0
p11405.htm#i114044,B1,1114,1177,M,7,8,217,10.0,5.0,93.0,7.0,4.0,63.0,4.0,7.0,137.0
p356.htm#i3560,B26,1285,1326,M,8,16,145,4.0,9.0,48.0,4.0,11.0,74.0,2.0,10.0,49.0
p11426.htm#i114260,B1,1145,1167,M,3,7,106,4.0,3.0,67.0,4.0,6.0,110.0,4.0,3.0,52.0
p4285.htm#i42847,B1,1107,1161,M,2,4,17,2.0,5.0,20.0,0.0,1.0,0.0,3.0,7.0,59.0
p32195.htm#i321950,B26,1181,1239,M,3,1,21,,,,3.0,1.0,20.0,,,
p7002.htm#i70014,B12,1195,1244,M,3,2,29,3.0,3.0,28.0,1.0,2.0,14.0,6.0,5.0,46.0
p10770.htm#i107698,B27,1070,1111,M,4,8,63,,,,,,,,,
p10273.htm#i102728,B27,1259,1304,M,4,4,38,2.0,3.0,11.0,2.0,5.0,22.0,1.0,2.0,5.0
p844.htm#i8440,B0,1250,1296,M,2,4,24,1.0,1.0,1.0,2.0,5.0,28.0,1.0,1.0,1.0
p11329.htm#i113281,B1,1199,1205,M,2,5,77,4.0,6.0,137.0,3.0,5.0,123.0,9.0,7.0,140.0
p10694.htm#i106931,B25,1290,1313,M,4,16,187,6.0,9.0,92.0,7.0,10.0,130.0,6.0,9.0,66.0
p33374.htm#i333732,B25,1230,1285,M,3,6,73,4.0,4.0,51.0,3.0,9.0,97.0,,,
p67216.htm#i672152,B16,1120,1172,M,4,2,40,2.0,1.0,18.0,3.0,2.0,26.0,1.0,1.0,7.0
p4035.htm#i40347,B1,1271,1305,M,3,2,108,4.0,2.0,109.0,4.0,5.0,175.0,5.0,2.0,91.0
p4097.htm#i40962,B1,1243,1276,M,2,2,108,12.0,4.0,159.0,13.0,5.0,159.0,7.0,5.0,220.0
p16084.htm#i160836,B25,1139,1199,M,5,4,64,3.0,4.0,30.0,3.0,6.0,64.0,2.0,4.0,15.0
p56831.htm#i568304,B112,1297,1349,M,4,12,59,3.0,7.0,83.0,3.0,5.0,46.0,4.0,9.0,98.0
p6190.htm#i61897,B12,1226,1285,M,6,2,76,1.0,2.0,12.0,3.0,2.0,20.0,,,
p4098.htm#i40972,B1,1291,1362,M,9,11,132,3.0,2.0,122.0,4.0,3.0,113.0,7.0,6.0,199.0
p86.htm#i852,B26,1285,1334,M,2,4,31,6.0,3.0,23.0,7.0,5.0,39.0,1.0,2.0,14.0
p67309.htm#i673088,B16,1057,1111,M,5,3,54,5.0,1.0,30.0,9.0,1.0,37.0,1.0,1.0,19.0
p10548.htm#i105474,B1,1209,1231,M,4,6,153,3.0,8.0,159.0,6.0,9.0,209.0,11.0,7.0,197.0
p10493.htm#i104922,B34,1183,1216,M,2,19,207,0.0,1.0,0.0,3.0,22.0,247.0,,,
p10776.htm#i107752,B26,1189,1246,M,2,11,160,5.0,11.0,132.0,8.0,16.0,190.0,9.0,8.0,155.0
p4036.htm#i40353,B1,1242,1295,M,2,6,185,4.0,7.0,163.0,6.0,6.0,156.0,12.0,9.0,288.0
p4245.htm#i42450,B0,1145,1207,M,12,5,204,5.0,4.0,121.0,5.0,5.0,106.0,8.0,6.0,147.0
p10773.htm#i107721,B26,1125,1187,M,5,5,43,5.0,5.0,58.0,4.0,5.0,67.0,3.0,3.0,27.0
p8700.htm#i87000,B11,1288,1312,M,10,3,82,4.0,4.0,121.0,3.0,4.0,97.0,11.0,4.0,121.0
p4790.htm#i47897,B34,1300,1328,M,4,11,101,4.0,16.0,151.0,7.0,14.0,132.0,6.0,15.0,246.0
p15961.htm#i159610,B25,1275,1330,M,2,2,43,1.0,1.0,25.0,5.0,2.0,47.0,,,
p49169.htm#i491687,B38,1104,1163,M,2,1,25,2.0,2.0,20.0,1.0,1.0,12.0,5.0,3.0,35.0
p11303.htm#i113023,B1,1182,1230,M,2,1,51,3.0,1.0,42.0,6.0,3.0,56.0,5.0,1.0,31.0
p10465.htm#i104649,B1,1176,1235,M,12,6,215,4.0,5.0,77.0,7.0,7.0,160.0,6.0,6.0,61.0
p22150.htm#i221494,B0,1105,1166,M,3,2,13,1.0,2.0,10.0,3.0,2.0,25.0,,,
p10682.htm#i106817,B25,1200,1275,M,13,11,200,2.0,7.0,60.0,3.0,11.0,109.0,7.0,10.0,92.0
p67325.htm#i673245,B16,1270,1330,M,3,1,37,6.0,1.0,30.0,8.0,2.0,57.0,,,
p70908.htm#i709075,B4,1222,1261,M,5,5,49,2.0,2.0,24.0,4.0,3.0,43.0,,,
p46162.htm#i461615,B0,1220,1279,M,2,4,78,4.0,7.0,141.0,4.0,4.0,110.0,13.0,8.0,234.0
p456.htm#i4554,B26,1120,1174,M,3,14,136,2.0,16.0,186.0,2.0,13.0,85.0,28.0,22.0,366.0
p10783.htm#i107829,B34,1225,1296,M,10,17,340,17.0,26.0,359.0,11.0,15.0,163.0,4.0,18.0,190.0
p15562.htm#i155618,B25,1154,1213,M,5,4,69,10.0,4.0,44.0,10.0,6.0,82.0,2.0,4.0,22.0
p61957.htm#i619569,B38,1225,1285,M,2,1,21,,,,4.0,1.0,20.0,,,
p776.htm#i7758,B0,1245,1295,M,5,3,93,2.0,3.0,31.0,4.0,3.0,75.0,,,
p15521.htm#i155210,B25,1220,1243,M,4,2,39,2.0,2.0,22.0,4.0,4.0,40.0,,,
p15827.htm#i158262,B0,1193,1245,M,17,8,91,4.0,5.0,37.0,4.0,7.0,88.0,2.0,4.0,12.0
p27849.htm#i278488,B26,1273,1333,M,3,3,27,1.0,2.0,22.0,3.0,4.0,64.0,,,
p10470.htm#i104693,B34,1107,1167,M,5,13,128,,,,0.0,1.0,0.0,,,
p4181.htm#i41809,B11,1254,1279,M,2,4,47,3.0,6.0,59.0,1.0,4.0,21.0,6.0,6.0,77.0
p10306.htm#i103052,B11,1293,1334,M,5,4,57,,,,3.0,4.0,47.0,,,
p64979.htm#i649785,B34,1226,1279,M,2,6,50,3.0,8.0,99.0,1.0,6.0,42.0,10.0,10.0,196.0
p53224.htm#i532239,B4,1065,1124,M,2,6,72,1.0,5.0,25.0,3.0,8.0,61.0,,,
p70421.htm#i704210,B1,1100,1193,M,2,6,45,,,,2.0,6.0,78.0,,,
p54621.htm#i546203,B15,1151,1202,M,1,1,15,,,,1.0,1.0,4.0,,,
p11418.htm#i114172,B1,1260,1333,M,6,10,160,2.0,1.0,29.0,6.0,1.0,54.0,1.0,1.0,16.0
p10473.htm#i104724,B34,1141,1196,M,2,15,194,4.0,16.0,287.0,3.0,14.0,168.0,8.0,14.0,238.0
p11426.htm#i114256,B1,1093,1152,M,5,6,126,4.0,3.0,45.0,2.0,3.0,23.0,4.0,5.0,83.0
p10282.htm#i102818,B3,1247,1311,M,2,1,35,,,,3.0,4.0,45.0,,,
p26680.htm#i266796,B25,1272,1326,M,2,1,10,,,,2.0,1.0,6.0,,,
p26759.htm#i267582,B25,1220,1280,M,1,1,31,,,,2.0,2.0,22.0,,,
p12007.htm#i120066,B44,1224,1270,M,2,4,49,3.0,6.0,43.0,4.0,4.0,57.0,4.0,8.0,51.0
p10545.htm#i105449,B229,1094,1147,M,4,2,28,2.0,3.0,39.0,0.0,1.0,0.0,6.0,5.0,89.0
p536.htm#i5352,B0,1299,1376,M,6,12,168,2.0,3.0,66.0,3.0,5.0,150.0,3.0,4.0,43.0
p36887.htm#i368869,B36,1220,1284,M,2,5,32,,,,2.0,8.0,55.0,,,
p68960.htm#i689599,B36,1259,1319,M,2,7,58,6.0,5.0,46.0,6.0,8.0,84.0,1.0,4.0,19.0
p10919.htm#i109189,B26,1280,1329,M,5,8,131,3.0,5.0,110.0,3.0,5.0,87.0,10.0,7.0,167.0
p58996.htm#i589954,B26,1188,1247,M,3,1,6,,,,1.0,1.0,7.0,,,
p24827.htm#i248265,B4,1209,1279,M,2,4,75,3.0,4.0,53.0,4.0,8.0,135.0,1.0,2.0,14.0
p66331.htm#i663307,B0,1192,1264,M,2,5,38,2.0,5.0,35.0,4.0,7.0,87.0,1.0,4.0,11.0
p16403.htm#i164030,B1,1294,1352,M,6,2,18,1.0,1.0,8.0,3.0,2.0,10.0,,,
p15488.htm#i154871,B25,1142,1202,M,1,5,50,,,,3.0,8.0,73.0,,,
p11329.htm#i113283,B4,1176,1213,M,4,7,122,3.0,5.0,114.0,3.0,4.0,75.0,9.0,8.0,219.0
p37950.htm#i379494,B0,1140,1197,M,2,5,48,3.0,2.0,27.0,3.0,2.0,55.0,4.0,2.0,34.0
p37090.htm#i370898,B25,1274,1333,M,4,3,57,2.0,2.0,48.0,3.0,2.0,29.0,7.0,5.0,99.0
p33519.htm#i335185,B25,1261,1308,M,2,3,56,3.0,1.0,36.0,3.0,2.0,44.0,5.0,1.0,38.0
p11407.htm#i114070,B1,1066,1124,M,2,2,59,,,,4.0,3.0,37.0,,,
p68850.htm#i688500,B0,1205,1263,M,3,1,10,,,,2.0,1.0,8.0,,,
p59337.htm#i593370,B0,1060,1128,M,6,2,46,3.0,1.0,14.0,5.0,1.0,19.0,,,
p11429.htm#i114282,B1,1252,1268,M,2,6,94,4.0,7.0,117.0,3.0,6.0,171.0,8.0,6.0,135.0
p42842.htm#i428419,B11,1289,1322,M,2,12,86,8.0,8.0,93.0,2.0,9.0,62.0,4.0,8.0,67.0
p10490.htm#i104893,B4,1135,1202,M,2,6,156,11.0,7.0,114.0,11.0,10.0,187.0,7.0,3.0,65.0
p10457.htm#i104565,B34,1286,1327,M,2,12,228,8.0,10.0,307.0,6.0,17.0,335.0,5.0,9.0,309.0
p10204.htm#i102033,B34,1068,1135,M,31,23,435,12.0,8.0,191.0,12.0,10.0,160.0,6.0,9.0,228.0
p10545.htm#i105448,B1,1106,1157,M,3,10,130,4.0,6.0,74.0,3.0,8.0,71.0,7.0,7.0,93.0
p10683.htm#i106828,B34,1228,1258,M,2,11,161,8.0,17.0,230.0,7.0,11.0,172.0,12.0,13.0,201.0
p10546.htm#i105453,B1,1130,1157,M,6,2,101,5.0,3.0,93.0,3.0,5.0,107.0,11.0,5.0,133.0
p514.htm#i5138,B26,1272,1332,M,2,7,95,3.0,8.0,95.0,3.0,5.0,77.0,5.0,9.0,99.0
p67275.htm#i672749,B16,1230,1284,M,4,3,72,8.0,3.0,60.0,4.0,3.0,63.0,4.0,5.0,65.0
p24827.htm#i248268,B4,1244,1323,M,2,5,59,5.0,5.0,95.0,3.0,5.0,96.0,3.0,5.0,73.0
p10152.htm#i101518,B4,1208,1265,M,10,14,216,5.0,7.0,120.0,5.0,5.0,59.0,5.0,15.0,247.0
p19079.htm#i190783,B34,1190,1253,M,2,5,55,4.0,10.0,107.0,2.0,4.0,38.0,8.0,18.0,233.0
p4088.htm#i40880,B1,1172,1237,M,2,4,110,3.0,4.0,87.0,5.0,6.0,104.0,6.0,2.0,112.0
p22869.htm#i228686,B6,1240,1302,M,5,7,75,3.0,3.0,15.0,3.0,3.0,28.0,3.0,2.0,11.0
p70428.htm#i704272,B34,1080,1100,M,2,6,90,2.0,4.0,70.0,7.0,10.0,138.0,3.0,8.0,86.0
p11993.htm#i119924,B44,1132,1191,M,8,6,84,4.0,3.0,23.0,6.0,3.0,32.0,,,
p24825.htm#i248250,B44,1157,1219,M,2,7,91,,,,6.0,7.0,72.0,,,
p773.htm#i7728,B0,1244,1308,M,14,6,331,4.0,4.0,138.0,8.0,7.0,245.0,2.0,4.0,74.0
p19903.htm#i199026,B139,1264,1316,M,3,4,26,2.0,4.0,19.0,1.0,2.0,7.0,3.0,4.0,38.0
p12008.htm#i120079,B44,1228,1270,M,2,6,64,2.0,4.0,38.0,3.0,7.0,102.0,1.0,3.0,14.0
p53185.htm#i531847,B0,1102,1141,M,2,7,94,4.0,2.0,45.0,4.0,4.0,63.0,2.0,2.0,32.0
p11335.htm#i113347,B4,1243,1311,M,6,6,231,8.0,5.0,186.0,12.0,6.0,186.0,12.0,6.0,228.0
p49170.htm#i491692,B38,1104,1163,M,2,1,25,2.0,2.0,20.0,1.0,1.0,12.0,5.0,3.0,35.0
p72982.htm#i729818,B11,1240,1293,M,4,4,48,3.0,6.0,93.0,3.0,4.0,50.0,8.0,6.0,129.0
p488.htm#i4877,B26,1210,1266,M,4,9,84,3.0,10.0,134.0,3.0,6.0,55.0,14.0,19.0,257.0
p10202.htm#i102019,B34,1158,1186,M,6,20,252,10.0,21.0,205.0,8.0,24.0,269.0,4.0,17.0,147.0
p60135.htm#i601346,B38,1284,1346,M,3,9,54,,,,2.0,10.0,80.0,,,
p10793.htm#i107924,B26,1287,1347,M,8,13,103,1.0,1.0,1.0,2.0,5.0,68.0,0.0,1.0,0.0
p58658.htm#i586573,B4,1295,1345,M,4,6,35,3.0,5.0,60.0,1.0,2.0,18.0,5.0,12.0,183.0
p16403.htm#i164028,B1,1265,1326,M,6,3,24,1.0,2.0,6.0,2.0,3.0,11.0,,,
p3492.htm#i34915,B44,1152,1201,M,5,4,93,2.0,2.0,17.0,3.0,3.0,28.0,1.0,1.0,11.0
p10545.htm#i105441,B1,1076,1137,M,4,9,104,2.0,3.0,29.0,3.0,4.0,71.0,1.0,1.0,14.0
p11309.htm#i113087,B1,1257,1296,M,5,3,117,4.0,3.0,97.0,4.0,2.0,72.0,4.0,3.0,85.0
p68957.htm#i689565,B36,1120,1182,M,2,5,72,4.0,8.0,60.0,4.0,4.0,38.0,7.0,9.0,95.0
p70901.htm#i709001,B38,1273,1333,M,3,4,41,3.0,6.0,56.0,3.0,6.0,45.0,3.0,6.0,99.0
p11302.htm#i113020,B1,1152,1202,M,8,3,73,,,,7.0,3.0,57.0,,,
p747.htm#i7468,B1,1200,1214,M,2,5,87,4.0,4.0,82.0,3.0,7.0,129.0,6.0,3.0,100.0
p4156.htm#i41551,B1,1226,1239,M,2,4,46,4.0,4.0,59.0,4.0,4.0,53.0,3.0,3.0,39.0
p10492.htm#i104916,B34,1163,1218,M,2,22,279,1.0,7.0,35.0,13.0,27.0,303.0,,,
p10788.htm#i107871,B26,1297,1346,M,3,14,123,5.0,12.0,143.0,6.0,9.0,78.0,15.0,17.0,264.0
p747.htm#i7469,B1,1209,1264,M,2,5,153,6.0,4.0,97.0,5.0,7.0,141.0,7.0,3.0,119.0
p11429.htm#i114281,B1,1206,1253,M,9,6,137,5.0,4.0,109.0,4.0,3.0,68.0,6.0,6.0,161.0
p4285.htm#i42844,B1,1113,1167,M,3,5,39,3.0,5.0,23.0,1.0,3.0,7.0,4.0,7.0,62.0
p4722.htm#i47214,B34,1267,1326,M,6,17,152,7.0,13.0,89.0,7.0,9.0,54.0,7.0,17.0,190.0
p70900.htm#i708999,B38,1273,1333,M,3,4,41,3.0,6.0,56.0,3.0,6.0,45.0,3.0,6.0,99.0
p10487.htm#i104863,B25,1173,1216,M,3,15,157,3.0,5.0,33.0,4.0,6.0,47.0,5.0,4.0,32.0
p11407.htm#i114061,B1,1107,1137,M,4,6,126,6.0,5.0,70.0,3.0,4.0,41.0,4.0,7.0,121.0
p4049.htm#i40486,B34,1114,1164,M,1,2,8,,,,1.0,2.0,11.0,,,
p10468.htm#i104674,B34,1094,1120,M,2,16,188,3.0,10.0,36.0,11.0,15.0,188.0,,,
p17009.htm#i170082,B4,1252,1282,M,4,5,57,2.0,4.0,33.0,4.0,5.0,90.0,,,
p66331.htm#i663306,B0,1192,1264,M,2,5,38,2.0,5.0,35.0,4.0,7.0,87.0,1.0,4.0,11.0
p40603.htm#i406022,B36,1192,1260,M,4,4,31,5.0,6.0,20.0,5.0,3.0,13.0,1.0,3.0,13.0
p1982.htm#i19820,B33,1274,1336,M,8,10,63,3.0,10.0,67.0,3.0,5.0,26.0,1.0,4.0,22.0
p838.htm#i8376,B0,1194,1265,M,7,3,78,3.0,1.0,34.0,1.0,1.0,15.0,4.0,1.0,42.0
p11344.htm#i113439,B4,1290,1319,M,3,3,142,7.0,4.0,137.0,7.0,4.0,183.0,7.0,6.0,212.0
p4200.htm#i41992,B4,1287,1330,M,2,5,118,7.0,6.0,123.0,7.0,6.0,178.0,4.0,7.0,162.0
p4210.htm#i42096,B4,1249,1302,M,2,3,82,1.0,3.0,44.0,3.0,5.0,100.0,,,
p10492.htm#i104917,B34,1162,1214,M,2,21,282,3.0,5.0,53.0,9.0,25.0,291.0,8.0,3.0,41.0
p48332.htm#i483317,B4,1089,1146,M,2,2,48,1.0,2.0,27.0,4.0,4.0,42.0,,,
p11333.htm#i113322,B4,1065,1107,M,4,6,91,1.0,5.0,25.0,3.0,8.0,61.0,,,
p10464.htm#i104635,B1,1175,1227,M,7,14,286,7.0,19.0,234.0,11.0,13.0,200.0,20.0,27.0,375.0
p67317.htm#i673168,B11,1070,1137,M,7,2,19,3.0,1.0,7.0,3.0,1.0,7.0,3.0,1.0,7.0
p11384.htm#i113834,B1,1256,1298,M,5,7,310,6.0,8.0,209.0,12.0,10.0,270.0,12.0,9.0,260.0
p10465.htm#i104647,B1,1174,1204,M,4,5,126,2.0,5.0,69.0,5.0,7.0,150.0,6.0,6.0,55.0
p26757.htm#i267570,B25,1221,1278,M,2,1,19,,,,1.0,2.0,24.0,,,
p1632.htm#i16317,B4,1206,1285,M,2,5,116,6.0,6.0,49.0,7.0,6.0,96.0,1.0,4.0,20.0
p10915.htm#i109147,B26,1233,1270,M,5,4,57,3.0,1.0,18.0,2.0,1.0,14.0,2.0,1.0,16.0
p11528.htm#i115271,B4,1084,1143,M,10,5,112,3.0,5.0,58.0,3.0,4.0,63.0,7.0,8.0,91.0
p56807.htm#i568069,B3,1166,1224,M,4,1,20,3.0,1.0,13.0,4.0,1.0,16.0,1.0,1.0,8.0
p11300.htm#i112992,B1,1126,1157,M,2,3,49,,,,2.0,3.0,43.0,,,
p10477.htm#i104761,B34,1162,1214,M,2,21,262,1.0,1.0,1.0,9.0,25.0,291.0,,,
p26757.htm#i267568,B25,1191,1251,M,1,2,29,,,,2.0,4.0,23.0,,,
p4170.htm#i41698,B4,1278,1331,M,5,8,190,8.0,6.0,153.0,9.0,6.0,169.0,5.0,5.0,177.0
p24826.htm#i248260,B4,1204,1245,M,2,4,71,2.0,4.0,51.0,3.0,8.0,130.0,1.0,2.0,13.0
p30139.htm#i301383,B38,1245,1302,M,2,1,22,2.0,1.0,12.0,2.0,1.0,17.0,1.0,1.0,5.0
p58177.htm#i581761,B27,1078,1138,M,4,4,26,1.0,4.0,22.0,3.0,5.0,38.0,,,
p10774.htm#i107739,B34,1070,1134,M,4,7,68,4.0,2.0,32.0,4.0,3.0,39.0,5.0,2.0,44.0
p56019.htm#i560188,B26,1205,1262,M,4,1,21,,,,2.0,1.0,27.0,,,
p10203.htm#i102026,B34,1060,1100,M,2,13,154,8.0,8.0,153.0,8.0,10.0,125.0,6.0,9.0,194.0
p10239.htm#i102390,B4,1134,1158,M,4,7,91,3.0,4.0,67.0,4.0,7.0,127.0,6.0,7.0,73.0
p16860.htm#i168592,B3,1267,1287,M,1,4,24,,,,3.0,8.0,56.0,,,
p11426.htm#i114255,B1,1186,1186,M,2,3,48,3.0,5.0,63.0,4.0,5.0,140.0,1.0,2.0,15.0
p66.htm#i655,B26,1228,1268,M,10,7,104,3.0,9.0,141.0,1.0,5.0,51.0,15.0,19.0,289.0
p22389.htm#i223882,B27,1272,1332,M,6,1,16,2.0,1.0,6.0,2.0,1.0,9.0,1.0,1.0,4.0
p22150.htm#i221492,B0,1075,1135,M,4,2,28,1.0,2.0,17.0,3.0,2.0,42.0,,,
p776.htm#i7753,B0,1280,1311,M,3,5,183,4.0,6.0,177.0,11.0,6.0,263.0,9.0,6.0,194.0
p923.htm#i9224,B34,1183,1242,M,4,7,63,3.0,5.0,63.0,3.0,7.0,59.0,2.0,5.0,48.0
p11397.htm#i113961,B1,1227,1247,M,3,4,155,5.0,4.0,136.0,5.0,7.0,174.0,7.0,6.0,184.0
p11396.htm#i113960,B1,1176,1230,M,9,7,172,4.0,7.0,99.0,4.0,7.0,120.0,7.0,6.0,130.0
p38685.htm#i386845,B25,1270,1329,M,4,4,48,1.0,1.0,26.0,2.0,2.0,45.0,,,
p843.htm#i8426,B0,1173,1233,M,5,5,41,1.0,1.0,1.0,2.0,4.0,43.0,1.0,1.0,1.0
p11304.htm#i113033,B1,1214,1254,M,2,4,35,2.0,3.0,19.0,5.0,3.0,36.0,,,
p10351.htm#i103510,B26,1266,1307,M,2,12,134,4.0,5.0,87.0,5.0,10.0,136.0,3.0,4.0,60.0
p37786.htm#i377855,B6,1215,1288,M,4,6,52,3.0,3.0,22.0,3.0,6.0,43.0,2.0,3.0,9.0
p10312.htm#i103120,B4,1200,1234,M,4,5,145,3.0,4.0,115.0,7.0,8.0,315.0,1.0,3.0,32.0
p4218.htm#i42179,B6,1150,1212,M,4,6,48,2.0,1.0,9.0,4.0,1.0,13.0,,,
p15827.htm#i158267,B0,1123,1180,M,5,9,167,4.0,8.0,126.0,7.0,14.0,192.0,8.0,9.0,153.0
p66.htm#i652,B34,1219,1279,M,6,7,89,5.0,1.0,20.0,7.0,3.0,31.0,,,
p10548.htm#i105478,B1,1219,1259,M,8,6,182,7.0,6.0,169.0,11.0,9.0,244.0,9.0,7.0,182.0
p22081.htm#i220803,B1,1218,1277,M,2,1,54,2.0,1.0,31.0,3.0,3.0,40.0,3.0,2.0,42.0
p4202.htm#i42014,B4,1250,1302,M,7,7,225,5.0,4.0,167.0,3.0,5.0,167.0,9.0,7.0,253.0
p11462.htm#i114612,B1,1154,1193,M,2,2,114,2.0,4.0,85.0,5.0,3.0,106.0,5.0,6.0,104.0
p19079.htm#i190786,B34,1256,1316,M,1,7,102,,,,6.0,16.0,278.0,,,
p16224.htm#i162240,B34,1060,1111,M,5,7,149,9.0,5.0,72.0,12.0,8.0,122.0,4.0,4.0,40.0
p11397.htm#i113963,B1,1208,1228,M,4,4,126,3.0,3.0,62.0,4.0,4.0,94.0,5.0,4.0,81.0
p10468.htm#i104672,B34,1114,1161,M,2,13,126,3.0,16.0,163.0,1.0,13.0,70.0,27.0,22.0,332.0
p10468.htm#i104675,B34,1092,1152,M,2,16,255,2.0,10.0,32.0,8.0,15.0,184.0,,,
p10468.htm#i104678,B3,1098,1158,M,4,6,93,,,,1.0,1.0,6.0,,,
p59435.htm#i594348,B0,1188,1212,M,2,3,50,,,,3.0,3.0,42.0,,,
p902.htm#i9016,B1,1162,1221,M,5,9,94,2.0,3.0,30.0,2.0,9.0,115.0,1.0,3.0,16.0
p12000.htm#i119995,B44,1184,1244,M,11,5,87,4.0,4.0,40.0,4.0,5.0,56.0,1.0,3.0,19.0
p46549.htm#i465487,B34,1209,1268,M,2,5,49,1.0,3.0,22.0,3.0,6.0,73.0,,,
p10544.htm#i105431,B1,1046,1101,M,1,5,84,,,,8.0,7.0,114.0,,,
p67284.htm#i672832,B16,1300,1360,M,2,1,32,4.0,1.0,38.0,1.0,1.0,24.0,8.0,1.0,51.0
p4291.htm#i42902,B0,1155,1202,M,4,6,75,3.0,4.0,50.0,3.0,2.0,25.0,3.0,4.0,55.0
p12001.htm#i120006,B44,1218,1269,M,2,6,68,4.0,6.0,76.0,6.0,5.0,60.0,4.0,8.0,166.0
p43905.htm#i439042,B27,1215,1275,M,3,2,22,4.0,2.0,23.0,2.0,2.0,20.0,4.0,2.0,30.0
p70906.htm#i709053,B4,1188,1248,M,6,5,73,2.0,3.0,29.0,4.0,6.0,67.0,,,
p10460.htm#i104591,B4,1240,1301,M,2,12,184,7.0,22.0,330.0,6.0,13.0,173.0,22.0,34.0,586.0
p64713.htm#i647127,B0,1285,1338,M,5,3,36,1.0,1.0,18.0,3.0,1.0,33.0,,,
p10191.htm#i101908,B34,1267,1274,M,2,4,150,6.0,6.0,197.0,6.0,13.0,269.0,17.0,9.0,282.0
p35875.htm#i358742,B25,1265,1348,M,2,2,42,,,,1.0,2.0,43.0,,,
p67221.htm#i672205,B16,1284,1341,M,2,2,21,3.0,3.0,39.0,1.0,2.0,17.0,4.0,3.0,66.0
p11417.htm#i114166,B4,1288,1342,M,11,11,229,3.0,4.0,122.0,3.0,4.0,124.0,14.0,4.0,203.0
p49171.htm#i491702,B38,1244,1304,M,11,3,31,,,,1.0,1.0,8.0,,,
p10471.htm#i104706,B34,1082,1148,M,6,17,214,4.0,12.0,112.0,4.0,10.0,107.0,8.0,12.0,132.0
p60555.htm#i605545,B0,1300,1352,M,3,7,44,3.0,6.0,42.0,3.0,7.0,69.0,4.0,5.0,51.0
p66330.htm#i663300,B0,1158,1244,M,6,8,106,4.0,8.0,117.0,4.0,9.0,148.0,10.0,8.0,121.0
p62941.htm#i629409,B12,1290,1355,M,2,10,114,0.0,1.0,0.0,7.0,9.0,142.0,,,
p60458.htm#i604580,B0,1250,1310,M,3,3,113,3.0,3.0,33.0,5.0,3.0,80.0,,,
p11432.htm#i114314,B4,1234,1283,M,8,7,241,12.0,5.0,143.0,14.0,8.0,179.0,7.0,6.0,209.0
p53085.htm#i530842,B4,1220,1266,M,5,10,84,4.0,5.0,112.0,2.0,5.0,57.0,11.0,5.0,197.0
p19831.htm#i198302,B26,1068,1127,M,2,3,19,,,,,,,,,
p53848.htm#i538479,B12,1230,1295,M,5,2,63,2.0,2.0,13.0,4.0,2.0,21.0,,,
p4272.htm#i42713,B34,1219,1267,M,4,8,102,5.0,5.0,72.0,5.0,6.0,127.0,7.0,7.0,92.0
p32195.htm#i321948,B26,1212,1264,M,4,1,17,1.0,1.0,8.0,2.0,1.0,14.0,,,
p10776.htm#i107760,B27,1197,1257,M,5,13,215,4.0,5.0,71.0,5.0,5.0,53.0,6.0,9.0,122.0
p4297.htm#i42964,B0,1190,1228,M,7,3,88,2.0,2.0,41.0,3.0,3.0,47.0,4.0,3.0,55.0
p11393.htm#i113927,B1,1107,1169,M,4,2,59,3.0,2.0,31.0,4.0,2.0,47.0,1.0,1.0,16.0
p10776.htm#i107755,B26,1243,1304,M,15,17,280,3.0,11.0,169.0,5.0,8.0,120.0,9.0,12.0,208.0
p11288.htm#i112871,B1,1249,1308,M,7,5,176,5.0,5.0,159.0,5.0,6.0,150.0,7.0,8.0,226.0
p70427.htm#i704266,B4,1068,1136,M,4,6,67,1.0,2.0,10.0,4.0,4.0,18.0,,,
p66333.htm#i663330,B0,1236,1283,M,2,6,51,8.0,5.0,41.0,14.0,8.0,80.0,2.0,3.0,28.0
p4033.htm#i40328,B0,1141,1190,M,8,6,101,3.0,5.0,39.0,3.0,8.0,91.0,4.0,3.0,44.0
p10914.htm#i109138,B26,1141,1200,M,5,5,81,1.0,1.0,1.0,2.0,13.0,118.0,1.0,1.0,1.0
p4197.htm#i41966,B4,1288,1300,M,2,4,96,3.0,4.0,163.0,3.0,5.0,128.0,8.0,7.0,248.0
p4193.htm#i41929,B4,1288,1299,M,2,3,103,6.0,4.0,135.0,6.0,4.0,179.0,7.0,6.0,211.0
p70909.htm#i709082,B4,1290,1363,M,5,9,53,4.0,4.0,34.0,8.0,4.0,47.0,,,
p58220.htm#i582192,B0,1215,1248,M,4,3,46,3.0,2.0,26.0,3.0,4.0,67.0,2.0,2.0,10.0
p10782.htm#i107811,B0,1265,1326,M,8,11,276,6.0,6.0,119.0,9.0,6.0,179.0,,,
p1651.htm#i16506,B0,1252,1272,M,2,5,107,4.0,6.0,108.0,4.0,6.0,148.0,11.0,7.0,142.0
p44944.htm#i449438,B27,1219,1279,M,2,2,31,3.0,2.0,22.0,4.0,3.0,49.0,1.0,1.0,11.0
p833.htm#i8328,B0,1255,1358,M,2,8,62,2.0,4.0,35.0,2.0,7.0,36.0,3.0,5.0,32.0
p903.htm#i9027,B1,1209,1278,M,6,5,64,2.0,2.0,3.0,2.0,5.0,40.0,0.0,1.0,0.0
p59216.htm#i592157,B0,1285,1348,M,4,4,115,3.0,5.0,136.0,1.0,2.0,47.0,14.0,6.0,271.0
p60129.htm#i601281,B34,1094,1149,M,3,9,77,5.0,6.0,44.0,4.0,5.0,44.0,3.0,6.0,33.0
p64038.htm#i640372,B26,1270,1338,M,4,5,60,3.0,3.0,48.0,2.0,1.0,20.0,6.0,3.0,56.0
p453.htm#i4527,B4,1170,1218,M,6,5,104,4.0,4.0,43.0,1.0,3.0,11.0,5.0,8.0,95.0
p61480.htm#i614800,B34,1150,1207,M,4,6,120,5.0,6.0,150.0,5.0,6.0,137.0,11.0,7.0,161.0
p10311.htm#i103104,B4,1289,1316,M,6,6,197,3.0,9.0,163.0,3.0,5.0,185.0,5.0,10.0,181.0
p48332.htm#i483320,B4,1107,1161,M,2,2,28,1.0,2.0,19.0,3.0,2.0,35.0,,,
p378.htm#i3777,B34,1084,1120,M,4,3,26,3.0,4.0,40.0,3.0,2.0,17.0,5.0,7.0,97.0
p10216.htm#i102160,B4,1091,1152,M,13,11,231,11.0,13.0,162.0,12.0,9.0,115.0,13.0,16.0,231.0
p11361.htm#i113609,B4,1248,1305,M,13,6,222,6.0,7.0,112.0,10.0,7.0,126.0,6.0,9.0,139.0
p13745.htm#i137446,B112,1280,1306,M,4,6,49,4.0,4.0,28.0,4.0,9.0,76.0,3.0,4.0,14.0
p10473.htm#i104725,B34,1141,1197,M,2,15,194,4.0,16.0,287.0,3.0,14.0,168.0,8.0,14.0,238.0
p10685.htm#i106847,B4,1216,1263,M,3,4,39,0.0,1.0,0.0,3.0,6.0,58.0,,,
p747.htm#i7466,B1,1210,1272,M,2,5,161,8.0,4.0,99.0,7.0,7.0,145.0,7.0,3.0,121.0
p11363.htm#i113623,B4,1248,1302,M,6,10,88,3.0,6.0,59.0,3.0,6.0,65.0,6.0,5.0,67.0
p65590.htm#i655893,B25,1268,1328,M,2,6,82,3.0,7.0,118.0,3.0,6.0,69.0,7.0,7.0,177.0
p19080.htm#i190800,B34,1214,1246,M,3,10,92,5.0,11.0,101.0,5.0,12.0,75.0,7.0,10.0,142.0
p67303.htm#i673028,B16,1174,1234,M,3,3,22,,,,1.0,1.0,10.0,,,
p70420.htm#i704194,B34,1050,1111,M,1,3,63,,,,2.0,7.0,92.0,,,
p11328.htm#i113278,B4,1177,1209,M,4,6,108,4.0,5.0,115.0,4.0,4.0,76.0,9.0,8.0,222.0
p19860.htm#i198600,B27,1195,1229,M,6,7,81,1.0,4.0,48.0,7.0,9.0,97.0,,,
p66331.htm#i663308,B27,1124,1200,M,1,7,68,,,,6.0,7.0,78.0,,,
p64202.htm#i642011,B36,1255,1316,M,2,6,64,2.0,3.0,24.0,3.0,6.0,42.0,2.0,2.0,17.0
p10474.htm#i104739,B34,1100,1100,M,1,5,68,,,,5.0,14.0,158.0,,,
p453.htm#i4530,B4,1184,1237,M,7,6,124,3.0,4.0,98.0,8.0,4.0,157.0,4.0,4.0,76.0
p10215.htm#i102149,B34,1187,1203,M,2,11,154,7.0,14.0,192.0,5.0,20.0,252.0,4.0,10.0,172.0
p46548.htm#i465473,B34,1127,1192,M,2,13,156,2.0,16.0,205.0,3.0,13.0,122.0,29.0,22.0,382.0
p11475.htm#i114744,B1,1110,1171,M,1,3,46,,,,3.0,5.0,70.0,,,
p61957.htm#i619565,B38,1164,1220,M,2,1,20,2.0,1.0,13.0,2.0,1.0,18.0,1.0,1.0,6.0
p15562.htm#i155617,B25,1262,1311,M,2,2,23,3.0,2.0,34.0,3.0,2.0,31.0,4.0,4.0,62.0
p24823.htm#i248224,B4,1184,1229,M,2,5,132,5.0,8.0,160.0,7.0,8.0,160.0,7.0,9.0,174.0
p4305.htm#i43044,B0,1260,1329,M,12,11,203,5.0,4.0,141.0,13.0,3.0,135.0,7.0,6.0,192.0
p68850.htm#i688495,B0,1275,1322,M,3,3,19,1.0,1.0,6.0,3.0,1.0,8.0,,,
p11479.htm#i114789,B1,1220,1263,M,8,1,50,7.0,1.0,37.0,8.0,3.0,46.0,3.0,2.0,47.0
p11426.htm#i114258,B0,1176,1202,M,2,3,63,4.0,7.0,135.0,3.0,4.0,79.0,7.0,8.0,212.0
p44941.htm#i449406,B27,1252,1312,M,5,2,27,2.0,1.0,14.0,3.0,1.0,19.0,1.0,1.0,7.0
p15484.htm#i154834,B25,1283,1339,M,4,4,45,2.0,1.0,19.0,3.0,1.0,31.0,2.0,1.0,14.0
p22080.htm#i220798,B1,1086,1146,M,1,1,14,,,,1.0,4.0,40.0,,,
p54621.htm#i546206,B15,1188,1260,M,4,1,26,2.0,1.0,27.0,2.0,1.0,24.0,5.0,1.0,26.0
p784.htm#i7832,B1,1297,1361,M,12,14,203,15.0,8.0,224.0,15.0,5.0,247.0,11.0,10.0,233.0
p7225.htm#i72242,B26,1236,1303,M,3,6,109,,,,2.0,2.0,41.0,,,
p10251.htm#i102503,B4,1081,1150,M,4,9,175,3.0,8.0,131.0,3.0,8.0,94.0,13.0,11.0,193.0
p4206.htm#i42058,B34,1142,1202,M,2,6,61,3.0,13.0,129.0,2.0,4.0,46.0,10.0,16.0,242.0
p4094.htm#i40937,B1,1248,1291,M,2,3,88,3.0,4.0,137.0,3.0,3.0,124.0,6.0,6.0,191.0
p782.htm#i7817,B1,1232,1279,M,2,7,179,8.0,7.0,151.0,8.0,8.0,179.0,7.0,7.0,137.0
p4187.htm#i41866,B1,1157,1217,M,3,10,83,3.0,11.0,79.0,0.0,1.0,0.0,6.0,11.0,140.0
p11428.htm#i114277,B1,1165,1197,M,4,5,121,3.0,2.0,61.0,5.0,5.0,123.0,2.0,3.0,47.0
p10458.htm#i104575,B26,1272,1281,M,2,7,132,5.0,15.0,288.0,6.0,14.0,223.0,12.0,25.0,478.0
p59354.htm#i593536,B0,1125,1190,M,4,3,56,1.0,2.0,14.0,3.0,2.0,22.0,,,
p4209.htm#i42086,B4,1282,1348,M,8,7,227,4.0,6.0,178.0,6.0,6.0,235.0,8.0,7.0,250.0
p33641.htm#i336409,B6,1280,1330,M,5,5,50,2.0,5.0,44.0,3.0,4.0,79.0,6.0,5.0,46.0
p895.htm#i8947,B1,1071,1116,M,2,6,34,4.0,4.0,17.0,6.0,8.0,45.0,,,
p32799.htm#i327984,B34,1270,1330,M,1,6,82,,,,2.0,14.0,199.0,,,
p10470.htm#i104699,B34,1140,1200,M,2,14,158,3.0,13.0,115.0,4.0,16.0,225.0,1.0,4.0,39.0
p59996.htm#i599959,B6,1127,1166,M,3,3,18,1.0,1.0,7.0,3.0,1.0,11.0,,,
p58295.htm#i582949,B0,1294,1354,M,4,2,22,1.0,1.0,17.0,3.0,2.0,39.0,,,
p70906.htm#i709055,B4,1256,1302,M,4,7,162,7.0,5.0,226.0,4.0,5.0,108.0,9.0,8.0,284.0
p67305.htm#i673047,B16,1280,1340,M,2,3,22,1.0,2.0,8.0,2.0,2.0,13.0,,,
p59997.htm#i599962,B6,1174,1223,M,4,2,37,3.0,1.0,20.0,2.0,2.0,19.0,4.0,1.0,18.0
p4316.htm#i43151,B0,1261,1277,M,4,3,64,5.0,2.0,84.0,5.0,2.0,108.0,7.0,1.0,115.0
p11528.htm#i115273,B4,1143,1171,M,2,3,50,,,,6.0,5.0,108.0,,,
p11476.htm#i114759,B1,1186,1218,M,3,3,39,1.0,3.0,24.0,3.0,3.0,46.0,,,
p844.htm#i8432,B0,1202,1279,M,2,4,29,2.0,3.0,12.0,3.0,5.0,32.0,2.0,3.0,6.0
p67269.htm#i672689,B16,1180,1216,M,2,2,46,8.0,2.0,26.0,9.0,2.0,33.0,2.0,2.0,25.0
p15192.htm#i151918,B16,1063,1130,M,3,3,42,2.0,1.0,24.0,3.0,1.0,30.0,1.0,1.0,13.0
p11383.htm#i113827,B1,1290,1313,M,2,2,80,3.0,2.0,108.0,3.0,4.0,109.0,7.0,6.0,203.0
p10676.htm#i106754,B4,1154,1212,M,2,7,109,4.0,10.0,167.0,3.0,7.0,89.0,11.0,11.0,241.0
p10252.htm#i102513,B0,1099,1168,M,11,12,259,5.0,6.0,130.0,6.0,4.0,66.0,9.0,9.0,252.0
p572.htm#i5717,B1,1115,1191,M,3,8,129,8.0,7.0,105.0,8.0,9.0,145.0,4.0,6.0,83.0
p70903.htm#i709026,B4,1126,1186,M,8,7,83,3.0,3.0,43.0,3.0,4.0,28.0,4.0,6.0,71.0
p4272.htm#i42711,B34,1221,1260,M,6,17,280,16.0,26.0,336.0,10.0,15.0,149.0,4.0,18.0,181.0
p1171.htm#i11706,B36,1257,1328,M,4,9,72,3.0,4.0,28.0,3.0,8.0,66.0,1.0,3.0,11.0
p58174.htm#i581735,B27,1157,1208,M,4,7,84,3.0,8.0,100.0,3.0,6.0,79.0,6.0,13.0,151.0
p10469.htm#i104685,B25,1100,1176,M,3,6,93,3.0,3.0,9.0,3.0,3.0,8.0,2.0,3.0,10.0
p923.htm#i9223,B34,1214,1274,M,4,7,83,4.0,8.0,59.0,3.0,6.0,53.0,4.0,5.0,43.0
p60459.htm#i604582,B0,1260,1313,M,2,2,65,5.0,3.0,46.0,7.0,3.0,98.0,,,
p4188.htm#i41872,B1,1157,1211,M,2,8,79,3.0,11.0,79.0,0.0,1.0,0.0,6.0,11.0,140.0
p10457.htm#i104564,B34,1294,1337,M,3,9,190,5.0,9.0,247.0,4.0,6.0,117.0,21.0,14.0,408.0
p12010.htm#i120099,B44,1269,1302,M,5,7,107,3.0,5.0,119.0,3.0,5.0,90.0,8.0,5.0,134.0
p4267.htm#i42668,B38,1270,1333,M,9,22,204,5.0,12.0,105.0,5.0,11.0,67.0,5.0,12.0,221.0
p902.htm#i9015,B1,1162,1203,M,2,7,80,2.0,3.0,30.0,2.0,9.0,115.0,1.0,3.0,16.0
p25028.htm#i250277,B112,1294,1351,M,2,7,64,4.0,7.0,69.0,5.0,4.0,39.0,6.0,7.0,97.0
p3110.htm#i31097,B0,1050,1129,M,7,7,99,1.0,1.0,8.0,3.0,1.0,13.0,,,
p1.htm#i10,B1,1250,1303,M,3,4,184,6.0,5.0,162.0,6.0,6.0,153.0,7.0,8.0,228.0
p67272.htm#i672712,B16,1058,1112,M,3,1,19,,,,1.0,3.0,28.0,,,
p10270.htm#i102699,B12,1280,1337,M,9,15,294,4.0,10.0,145.0,4.0,9.0,125.0,8.0,10.0,236.0
p10881.htm#i108806,B11,1293,1333,M,6,5,51,5.0,5.0,56.0,5.0,4.0,50.0,11.0,6.0,99.0
p10223.htm#i102228,B4,1239,1305,M,9,9,229,,,,2.0,8.0,69.0,,,
p882.htm#i8818,B26,1164,1231,M,3,5,42,4.0,6.0,49.0,6.0,7.0,54.0,2.0,8.0,91.0
p11996.htm#i119952,B44,1075,1125,M,6,6,46,7.0,8.0,46.0,7.0,9.0,51.0,1.0,6.0,21.0
p22156.htm#i221557,B1,1289,1343,M,3,5,68,3.0,4.0,129.0,4.0,3.0,73.0,6.0,7.0,214.0
p11998.htm#i119976,B44,1100,1151,M,2,3,30,1.0,3.0,16.0,3.0,6.0,31.0,,,
p797.htm#i7967,B1,1100,1126,M,2,7,80,3.0,5.0,73.0,3.0,7.0,110.0,4.0,5.0,65.0
p44400.htm#i443997,B25,1260,1304,M,4,7,71,6.0,8.0,111.0,2.0,6.0,52.0,13.0,11.0,189.0
p40138.htm#i401373,B245,1277,1336,M,4,5,28,3.0,2.0,15.0,3.0,2.0,24.0,2.0,2.0,12.0
p10684.htm#i106838,B1,1240,1315,M,11,11,259,3.0,5.0,113.0,5.0,6.0,165.0,9.0,7.0,185.0
p10915.htm#i109150,B34,1215,1247,M,5,12,169,3.0,6.0,38.0,3.0,21.0,243.0,4.0,6.0,43.0
p38685.htm#i386846,B25,1270,1329,M,3,4,48,1.0,1.0,26.0,2.0,2.0,45.0,,,
p58176.htm#i581751,B27,1134,1190,M,2,6,59,4.0,6.0,90.0,4.0,7.0,81.0,5.0,7.0,111.0
p67274.htm#i672734,B16,1284,1341,M,2,3,51,5.0,2.0,25.0,4.0,3.0,47.0,2.0,2.0,12.0
p10201.htm#i102009,B34,1209,1272,M,14,26,523,5.0,24.0,222.0,16.0,31.0,385.0,4.0,15.0,129.0
p54666.htm#i546655,B0,1300,1360,M,4,6,87,1.0,2.0,34.0,4.0,2.0,91.0,,,
p37096.htm#i370951,B25,1274,1333,M,3,2,42,2.0,2.0,48.0,3.0,2.0,29.0,7.0,5.0,99.0
p10473.htm#i104723,B34,1150,1193,M,5,17,232,10.0,16.0,313.0,9.0,14.0,187.0,8.0,14.0,257.0
p61957.htm#i619566,B38,1164,1220,M,2,1,20,2.0,1.0,13.0,2.0,1.0,18.0,1.0,1.0,6.0
p67325.htm#i673242,B16,1280,1334,M,2,4,48,2.0,1.0,27.0,4.0,1.0,40.0,,,
p18698.htm#i186980,B26,1202,1261,M,3,6,87,2.0,1.0,18.0,4.0,1.0,28.0,1.0,1.0,10.0
p4149.htm#i41488,B1,1252,1308,M,4,6,131,11.0,8.0,198.0,7.0,8.0,135.0,12.0,10.0,263.0
p10253.htm#i102530,B34,1246,1246,M,2,13,186,3.0,16.0,218.0,10.0,25.0,389.0,7.0,10.0,164.0
p39324.htm#i393239,B233,1187,1252,M,4,5,47,3.0,6.0,95.0,3.0,5.0,45.0,10.0,9.0,119.0
p36903.htm#i369025,B27,1145,1203,M,8,10,102,8.0,12.0,139.0,5.0,13.0,111.0,7.0,13.0,131.0
p10472.htm#i104717,B34,1116,1178,M,2,15,159,4.0,13.0,92.0,4.0,16.0,179.0,3.0,5.0,47.0
p797.htm#i7964,B1,1045,1106,M,4,5,78,3.0,3.0,39.0,1.0,2.0,20.0,5.0,5.0,45.0
p58607.htm#i586069,B12,1285,1321,M,6,3,64,3.0,2.0,49.0,3.0,2.0,53.0,6.0,1.0,45.0
p11344.htm#i113432,B4,1258,1319,M,4,5,203,8.0,5.0,191.0,14.0,5.0,191.0,14.0,8.0,235.0
p60458.htm#i604577,B0,1240,1296,M,3,4,101,1.0,2.0,22.0,3.0,2.0,66.0,,,
p4188.htm#i41871,B1,1216,1272,M,2,3,10,1.0,3.0,9.0,2.0,4.0,28.0,,,
p10668.htm#i106674,B1,1072,1120,M,4,7,116,7.0,10.0,190.0,4.0,7.0,119.0,8.0,11.0,252.0
p10463.htm#i104624,B4,1189,1211,M,2,12,169,9.0,21.0,255.0,9.0,13.0,159.0,20.0,34.0,460.0
p46547.htm#i465467,B34,1097,1156,M,2,3,45,3.0,3.0,47.0,3.0,3.0,44.0,4.0,3.0,39.0
p70431.htm#i704309,B34,1098,1139,M,2,7,115,4.0,6.0,93.0,13.0,11.0,181.0,,,
p4723.htm#i47221,B34,1253,1282,M,2,9,54,5.0,13.0,84.0,5.0,9.0,49.0,7.0,16.0,178.0
p12004.htm#i120039,B44,1234,1296,M,7,5,64,4.0,6.0,48.0,5.0,4.0,64.0,4.0,8.0,56.0
p22078.htm#i220771,B1,1084,1154,M,2,5,95,6.0,7.0,80.0,6.0,6.0,77.0,10.0,8.0,111.0
p11475.htm#i114745,B1,1110,1176,M,1,3,46,,,,3.0,5.0,70.0,,,
p4206.htm#i42052,B4,1275,1333,M,2,8,154,3.0,8.0,161.0,7.0,6.0,159.0,11.0,7.0,266.0
p10282.htm#i102817,B3,1277,1331,M,2,1,20,,,,1.0,1.0,33.0,,,
p65590.htm#i655891,B25,1268,1327,M,2,6,82,3.0,7.0,118.0,3.0,6.0,69.0,7.0,7.0,177.0
p11430.htm#i114295,B4,1187,1258,M,3,5,125,5.0,5.0,94.0,5.0,5.0,106.0,7.0,5.0,113.0
p53071.htm#i530710,B34,1294,1316,M,2,3,29,4.0,3.0,37.0,1.0,3.0,21.0,5.0,6.0,63.0
p10781.htm#i107802,B26,1152,1232,M,6,8,85,1.0,1.0,8.0,3.0,1.0,18.0,,,
p53119.htm#i531189,B34,1298,1326,M,4,11,69,2.0,5.0,36.0,3.0,7.0,71.0,2.0,4.0,18.0
p87.htm#i868,B49,1284,1314,M,3,5,75,3.0,5.0,61.0,3.0,4.0,47.0,11.0,9.0,90.0
p46279.htm#i462781,B26,1210,1268,M,1,7,47,,,,1.0,12.0,109.0,,,
p56018.htm#i560180,B26,1165,1222,M,5,2,42,1.0,1.0,13.0,3.0,2.0,24.0,,,
p18701.htm#i187001,B26,1274,1334,M,3,7,88,2.0,1.0,23.0,4.0,2.0,50.0,,,
p64.htm#i637,B3,1180,1210,M,4,8,67,2.0,4.0,24.0,3.0,4.0,32.0,1.0,2.0,9.0
p901.htm#i9002,B1,1205,1217,M,2,3,71,3.0,6.0,97.0,4.0,6.0,97.0,10.0,7.0,145.0
p10351.htm#i103509,B26,1266,1307,M,3,12,135,4.0,5.0,87.0,5.0,10.0,136.0,3.0,4.0,60.0
p4266.htm#i42654,B4,1250,1296,M,2,8,141,2.0,3.0,35.0,4.0,4.0,62.0,,,
p26680.htm#i266794,B25,1230,1304,M,4,2,21,,,,1.0,4.0,35.0,,,
p411.htm#i4109,B25,1190,1257,M,7,4,85,3.0,4.0,35.0,3.0,4.0,60.0,,,
p742.htm#i7416,B1,1273,1314,M,2,6,83,4.0,6.0,86.0,3.0,9.0,138.0,1.0,4.0,27.0
p15059.htm#i150583,B0,1054,1100,M,2,6,57,4.0,5.0,69.0,4.0,6.0,76.0,5.0,5.0,80.0
p842.htm#i8414,B0,1095,1134,M,6,6,88,3.0,1.0,41.0,6.0,2.0,50.0,,,
p11383.htm#i113826,B1,1233,1278,M,7,6,187,6.0,5.0,156.0,6.0,8.0,194.0,7.0,6.0,203.0
p24434.htm#i244340,B26,1292,1333,M,2,11,113,3.0,8.0,109.0,6.0,9.0,125.0,7.0,12.0,116.0
p4203.htm#i42027,B4,1222,1232,M,2,5,120,9.0,12.0,234.0,9.0,5.0,218.0,15.0,14.0,257.0
p11576.htm#i115760,B25,1143,1203,M,2,5,50,,,,5.0,8.0,75.0,,,
p11359.htm#i113589,B4,1074,1126,M,3,8,135,5.0,7.0,65.0,7.0,9.0,119.0,3.0,8.0,83.0
p4216.htm#i42152,B34,1161,1217,M,4,6,56,6.0,12.0,91.0,4.0,1.0,12.0,4.0,16.0,135.0
p2025.htm#i20249,B4,1036,1105,M,7,9,109,3.0,4.0,21.0,4.0,7.0,53.0,1.0,4.0,11.0
p11467.htm#i114668,B1,1293,1326,M,2,1,35,2.0,1.0,36.0,3.0,1.0,48.0,2.0,1.0,27.0
p4196.htm#i41956,B34,1240,1295,M,6,8,94,3.0,7.0,55.0,3.0,7.0,75.0,2.0,6.0,38.0
p10681.htm#i106801,B4,1162,1223,M,4,5,89,6.0,7.0,75.0,6.0,4.0,82.0,4.0,7.0,63.0
p58847.htm#i588466,B16,1133,1173,M,4,5,53,2.0,13.0,106.0,3.0,5.0,46.0,3.0,16.0,210.0
p11367.htm#i113667,B12,1247,1304,M,9,10,171,3.0,6.0,117.0,3.0,6.0,75.0,7.0,6.0,172.0
p11475.htm#i114742,B1,1096,1154,M,5,6,112,4.0,5.0,59.0,5.0,7.0,87.0,6.0,5.0,56.0
p882.htm#i8815,B26,1159,1214,M,2,5,38,2.0,6.0,46.0,4.0,7.0,50.0,2.0,8.0,89.0
p747.htm#i7461,B1,1162,1221,M,11,9,191,6.0,8.0,98.0,6.0,10.0,144.0,12.0,5.0,74.0
p11431.htm#i114305,B4,1210,1279,M,12,7,187,4.0,12.0,180.0,4.0,6.0,122.0,14.0,14.0,217.0
p58968.htm#i589680,B0,1220,1272,M,2,2,78,7.0,4.0,85.0,7.0,2.0,74.0,11.0,7.0,137.0
p22388.htm#i223879,B27,1229,1286,M,3,2,32,2.0,2.0,24.0,3.0,3.0,54.0,1.0,1.0,9.0
p10468.htm#i104671,B34,1114,1161,M,2,13,126,3.0,16.0,163.0,1.0,13.0,70.0,27.0,22.0,332.0
p12706.htm#i127055,B27,1235,1264,M,5,8,83,4.0,5.0,43.0,5.0,7.0,59.0,4.0,4.0,54.0
p1171.htm#i11704,B36,1257,1331,M,4,10,107,3.0,4.0,28.0,3.0,8.0,66.0,1.0,3.0,11.0
p19831.htm#i198307,B26,1142,1198,M,2,2,18,2.0,1.0,10.0,1.0,1.0,6.0,3.0,3.0,19.0
p15530.htm#i155293,B25,1296,1339,M,2,2,30,2.0,1.0,22.0,3.0,2.0,32.0,1.0,1.0,10.0
p24822.htm#i248213,B34,1114,1152,M,3,4,50,3.0,3.0,52.0,3.0,4.0,52.0,8.0,4.0,69.0
p3683.htm#i36825,B3,1223,1265,M,3,6,47,,,,1.0,1.0,8.0,,,
p58219.htm#i582181,B0,1167,1231,M,5,5,80,3.0,5.0,81.0,3.0,4.0,75.0,3.0,5.0,66.0
p11394.htm#i113935,B1,1147,1200,M,2,4,115,4.0,6.0,136.0,5.0,4.0,104.0,11.0,7.0,157.0
p70909.htm#i709088,B4,1255,1307,M,4,6,136,3.0,4.0,120.0,3.0,5.0,104.0,8.0,4.0,139.0
p30069.htm#i300682,B38,1274,1336,M,4,3,21,2.0,1.0,12.0,3.0,1.0,19.0,2.0,1.0,10.0
p13045.htm#i130444,B3,1296,1354,M,2,15,151,4.0,8.0,116.0,5.0,11.0,170.0,6.0,7.0,98.0
p11394.htm#i113933,B1,1160,1222,M,3,3,90,4.0,2.0,61.0,9.0,5.0,123.0,1.0,1.0,24.0
p4187.htm#i41869,B1,1187,1244,M,3,4,29,,,,2.0,8.0,69.0,,,
p11529.htm#i115282,B4,1066,1100,M,2,4,59,3.0,4.0,39.0,5.0,8.0,91.0,,,
p11416.htm#i114158,B4,1254,1309,M,17,8,277,6.0,9.0,158.0,7.0,7.0,204.0,7.0,11.0,198.0
p58173.htm#i581723,B27,1030,1101,M,6,6,54,3.0,4.0,23.0,4.0,4.0,26.0,4.0,5.0,23.0
p10488.htm#i104876,B4,1094,1120,M,2,7,73,3.0,6.0,26.0,,,,3.0,6.0,33.0
p10467.htm#i104666,B220,1098,1173,M,1,4,41,,,,,,,,,
p58173.htm#i581729,B27,1104,1162,M,7,7,91,3.0,9.0,75.0,3.0,7.0,48.0,5.0,12.0,105.0
p58847.htm#i588469,B16,1166,1210,M,5,2,15,1.0,2.0,9.0,2.0,3.0,14.0,,,
p11363.htm#i113624,B4,1295,1349,M,4,6,163,10.0,7.0,216.0,10.0,6.0,206.0,14.0,7.0,372.0
p12007.htm#i120069,B44,1171,1215,M,2,4,83,5.0,8.0,109.0,3.0,4.0,59.0,8.0,10.0,211.0
p10521.htm#i105208,B4,1276,1319,M,6,7,241,4.0,6.0,164.0,7.0,6.0,209.0,7.0,7.0,250.0
p10777.htm#i107764,B25,1228,1265,M,7,11,175,3.0,10.0,74.0,4.0,8.0,74.0,6.0,12.0,91.0
p64709.htm#i647088,B0,1228,1297,M,4,4,63,3.0,4.0,54.0,7.0,6.0,127.0,2.0,4.0,19.0
p781.htm#i7809,B1,1275,1335,M,2,6,217,10.0,5.0,223.0,10.0,7.0,278.0,5.0,5.0,168.0
p24819.htm#i248183,B34,1047,1111,M,7,6,64,,,,0.0,1.0,0.0,,,
p10191.htm#i101901,B0,1295,1343,M,10,11,282,7.0,9.0,235.0,7.0,8.0,204.0,20.0,10.0,308.0
p10214.htm#i102138,B34,1280,1322,M,3,15,256,6.0,8.0,278.0,4.0,15.0,309.0,5.0,7.0,280.0
p68162.htm#i681617,B26,1226,1292,M,4,6,104,2.0,5.0,43.0,2.0,9.0,117.0,1.0,3.0,17.0
p744.htm#i7432,B1,1242,1285,M,6,5,190,4.0,7.0,129.0,6.0,8.0,184.0,9.0,7.0,190.0
p10311.htm#i103105,B4,1294,1322,M,6,6,164,4.0,9.0,184.0,4.0,5.0,200.0,5.0,10.0,191.0
p54621.htm#i546201,B15,1128,1177,M,5,1,16,,,,1.0,1.0,4.0,,,
p11292.htm#i112912,B1,1300,1320,M,2,4,94,3.0,4.0,130.0,3.0,5.0,137.0,10.0,4.0,161.0
p4207.htm#i42066,B4,1200,1223,M,1,4,16,,,,2.0,6.0,57.0,,,
p45043.htm#i450426,B26,1180,1240,M,2,1,8,,,,1.0,1.0,5.0,,,
p52904.htm#i529038,B26,1191,1248,M,2,6,81,4.0,5.0,64.0,4.0,1.0,14.0,3.0,7.0,113.0
p11398.htm#i113980,B1,1289,1306,M,3,3,99,3.0,4.0,114.0,4.0,3.0,126.0,14.0,4.0,210.0
p69257.htm#i692561,B36,1282,1325,M,6,6,60,3.0,8.0,68.0,3.0,4.0,34.0,2.0,8.0,68.0
p12014.htm#i120138,B34,1209,1242,M,3,5,35,1.0,3.0,22.0,3.0,6.0,73.0,,,
p68957.htm#i689564,B36,1120,1182,M,2,5,72,4.0,8.0,60.0,4.0,4.0,38.0,7.0,9.0,95.0
p4047.htm#i40468,B34,1086,1146,M,5,8,89,0.0,1.0,0.0,2.0,5.0,39.0,,,
p16403.htm#i164024,B1,1205,1264,M,4,4,31,3.0,5.0,47.0,4.0,4.0,26.0,6.0,6.0,89.0
p11362.htm#i113612,B4,1251,1283,M,3,6,165,9.0,8.0,162.0,9.0,6.0,197.0,7.0,10.0,186.0
p35874.htm#i358740,B25,1231,1291,M,1,2,57,,,,6.0,4.0,46.0,,,
p11414.htm#i114133,B1,1205,1234,M,3,4,104,2.0,4.0,52.0,4.0,5.0,133.0,1.0,3.0,15.0
p56808.htm#i568072,B3,1195,1251,M,4,1,17,2.0,1.0,11.0,3.0,1.0,16.0,1.0,1.0,7.0
p374.htm#i3738,B34,1116,1177,M,5,9,43,3.0,2.0,13.0,3.0,3.0,16.0,1.0,2.0,9.0
p32195.htm#i321942,B26,1294,1348,M,5,4,20,3.0,1.0,14.0,4.0,1.0,16.0,2.0,1.0,10.0
p10471.htm#i104707,B34,1104,1156,M,2,16,164,2.0,16.0,159.0,3.0,15.0,119.0,24.0,18.0,257.0
p10205.htm#i102047,B34,1113,1151,M,9,21,281,5.0,12.0,89.0,6.0,14.0,154.0,2.0,8.0,28.0
p67267.htm#i672663,B16,1280,1338,M,2,1,32,3.0,1.0,40.0,1.0,1.0,25.0,10.0,2.0,62.0
p15141.htm#i151406,B25,1244,1316,M,4,5,75,,,,2.0,2.0,34.0,,,
p931.htm#i9310,B34,1146,1194,M,4,7,80,4.0,5.0,56.0,5.0,6.0,75.0,2.0,4.0,19.0
p60506.htm#i605060,B34,1246,1282,M,2,9,118,2.0,7.0,87.0,3.0,16.0,187.0,1.0,2.0,22.0
